filename,split,k_brightness,k_contrast,k_saturation
img_000000.jpg,train,0.5949540639532089,0.5834285552225026,0.8049357594825179
img_000001.jpg,train,0.6250605760351666,0.3717294606825223,1.0
img_000002.jpg,train,0.5682262818255843,0.38827219527902673,0.6066810904771603
img_000003.jpg,train,0.4082763848779211,0.39253701379119715,0.6642234300835954
img_000004.jpg,train,0.43094392769248896,0.6888008535450312,0.6274219601289249
img_000005.jpg,train,0.5419459419722762,0.5802294913656435,0.6133788940444318
img_000006.jpg,train,0.4819915989710479,0.5492055447320882,0.6889291067210993
img_000007.jpg,train,0.40321901650488884,0.5396424249668829,0.6186920670033748
img_000008.jpg,train,0.581302126640746,0.38926312424607357,1.0
img_000009.jpg,train,0.7117048210713551,0.7597693122799538,0.588272948395877
img_000010.jpg,train,0.6152113120127125,0.41602053606037986,1.0
img_000011.jpg,train,0.4511786861801217,0.5169469137717418,0.8052980208732959
img_000012.jpg,train,0.5529607542714228,0.7214604335952085,0.7374396361496797
img_000013.jpg,train,0.40429971943552606,0.6068590463156501,0.8318998583785017
img_000014.jpg,train,0.41541562010495686,0.3692470037178405,1.0
img_000015.jpg,train,0.5571170516476295,0.5429603535677504,0.8746081490623369
img_000016.jpg,train,0.529814400650597,0.7125987068668058,0.738424740282149
img_000017.jpg,train,0.434716459215696,0.5242567179788046,0.796086259113701
img_000018.jpg,train,0.6538773422495271,0.4314448190649685,0.7026132860361761
img_000019.jpg,train,0.3846164015871018,0.4409300926437007,0.7832161157417871
img_000020.jpg,train,0.4235502648095187,0.6545559073222321,0.6586955235662771
img_000021.jpg,train,0.6514878406730845,0.5557058423122282,1.0
img_000022.jpg,train,0.5790270715832743,0.5645274160806074,0.8935816128634716
img_000023.jpg,train,0.4082066798131538,0.46514572418625866,0.987924128933635
img_000024.jpg,train,0.5567357447246383,0.39988773258064203,1.0
img_000025.jpg,train,0.7229338240385942,0.5779592376365458,0.869114294392991
img_000026.jpg,train,0.5809713322855595,0.757081413402882,0.7752542790893061
img_000027.jpg,train,0.6313795351691747,0.5202931837768819,0.6398224518640793
img_000028.jpg,train,0.5180157032989867,0.6127982439658989,1.0
img_000029.jpg,train,0.7224314998594634,0.5968191483343875,0.7861737035001644
img_000030.jpg,train,0.43251628927677704,0.4230945547116754,0.8937472423558813
img_000031.jpg,train,0.4840721964282683,0.6056271334330598,0.6328042831165218
img_000032.jpg,train,0.40981230882955444,0.5847077149988554,1.0
img_000033.jpg,train,0.4986273579139544,0.6336280697764779,0.9543881725595861
img_000034.jpg,train,0.5142803271062294,0.5083166865382659,0.6404149813661056
img_000035.jpg,train,0.38535702878831124,0.6531071817946134,0.652035640764877
img_000036.jpg,train,0.5952563537635583,0.4994144443745645,0.6992661470114936
img_000037.jpg,train,0.6869757927608241,0.727887801724688,1.0
img_000038.jpg,train,0.5009779917500099,0.6206912461405216,0.9143450824884838
img_000039.jpg,train,0.3918499302791461,0.6986416035302773,1.0
img_000040.jpg,train,0.46906849442732296,0.5293876265495271,0.604847321178854
img_000041.jpg,train,0.6360870656255949,0.7264704284994474,0.691530381538009
img_000042.jpg,train,0.46015669692193084,0.7231627747255059,0.7095747349169103
img_000043.jpg,train,0.7606175325974394,0.46570248228763883,1.0
img_000044.jpg,train,0.37936172288667125,0.5488674348628843,0.8094765466076049
img_000045.jpg,train,0.4433507939563353,0.5707668197949934,0.9660501971146365
img_000046.jpg,train,0.7408616826271874,0.42304691837181824,0.6796479198193166
img_000047.jpg,train,0.6883501658816763,0.7285325039091801,0.8425594999155592
img_000048.jpg,train,0.7199034913999975,0.6750066351754357,0.6427168735296366
img_000049.jpg,train,0.6795382817754274,0.5297551630823846,0.931542853617566
img_000050.jpg,train,0.7150163061516878,0.7515693510636196,1.0
img_000051.jpg,train,0.714591891222411,0.4762975557065028,0.8145457497329031
img_000052.jpg,train,0.37047018022394135,0.5359632483900323,0.5906633472566977
img_000053.jpg,train,0.41542083425657106,0.6997080796091136,0.7856605213730984
img_000054.jpg,train,0.7122051034737936,0.4924156116344278,1.0
img_000055.jpg,train,0.38128624649206744,0.5042774326220534,1.0
img_000056.jpg,train,0.5734585542154536,0.42000072432973035,1.0
img_000057.jpg,train,0.542742778360763,0.38806503067462633,0.6640272016381513
img_000058.jpg,train,0.5383436683281491,0.441299846918292,0.9727370768848047
img_000059.jpg,train,0.6737806974606323,0.48718483345468355,1.0
img_000060.jpg,train,0.6878569292941427,0.5864552368112531,1.0
img_000061.jpg,train,0.7025202744586987,0.6715847754272519,0.9407497319365957
img_000062.jpg,train,0.3801524892827695,0.6382781706503767,0.6147046073203908
img_000063.jpg,train,0.6668999461784074,0.713533022879241,1.0
img_000064.jpg,train,0.45223673613269505,0.6352459069383984,0.740810733076714
img_000065.jpg,train,0.7425005570282724,0.6054073485799694,1.0
img_000066.jpg,train,0.38274614363322385,0.5057973318239958,0.7628697431957121
img_000067.jpg,train,0.4212648676308944,0.617921673788277,0.6898302078172214
img_000068.jpg,train,0.5790523743504674,0.4008958199652192,0.8815698233877444
img_000069.jpg,train,0.5281241995632754,0.44165527564764906,0.8806000987790158
img_000070.jpg,train,0.37546210595220436,0.7341358265975955,1.0
img_000071.jpg,train,0.7057564980925166,0.6833671309622852,0.6423498037039281
img_000072.jpg,train,0.5200235305543298,0.7126849529753859,0.6042088862100409
img_000073.jpg,train,0.6689613781938205,0.38855470265287,1.0
img_000074.jpg,train,0.7335270509686138,0.7666759397468211,0.8889635245926486
img_000075.jpg,train,0.4985659678736636,0.43027928029838075,0.7495054679466024
img_000076.jpg,train,0.4428525490122139,0.6743183463039423,1.0
img_000077.jpg,train,0.49678102738941216,0.5272311241858545,1.0
img_000078.jpg,train,0.7657834961019904,0.7191665178479879,0.8310648193555099
img_000079.jpg,train,0.4173793293303314,0.42970941045432626,0.600841455989703
img_000080.jpg,train,0.7295692243557953,0.48169567008424724,0.7317293787253133
img_000081.jpg,train,0.6341972114132889,0.4032733420964066,0.6030301406003377
img_000082.jpg,train,0.39807076599746766,0.6457334243671257,0.5923960411280479
img_000083.jpg,train,0.5086727293669459,0.5387521695204792,1.0
img_000084.jpg,train,0.521740968498842,0.3708759625726407,0.6006813893530268
img_000085.jpg,train,0.38857498590661627,0.5903152453546574,0.6842751502435767
img_000086.jpg,train,0.5421554933555538,0.7509064135122601,1.0
img_000087.jpg,train,0.5907878783349959,0.4330561831390776,1.0
img_000088.jpg,train,0.5651583074803708,0.43891786102499175,1.0
img_000089.jpg,train,0.3793603876319822,0.6396050870589581,0.6393628770651258
img_000090.jpg,train,0.5573367640359522,0.5230128600383824,0.7034684540698987
img_000091.jpg,train,0.7140531946622343,0.6097877774953733,0.8779825675650527
img_000092.jpg,train,0.5761840361225752,0.4074654379666159,0.6456243102788891
img_000093.jpg,train,0.7464006286368184,0.4171567576921939,0.63516595036923
img_000094.jpg,train,0.768383474423331,0.4360721458454561,0.6800808158394492
img_000095.jpg,train,0.5277182111578584,0.6479656485834369,1.0
img_000096.jpg,train,0.6593541487021932,0.5612239720748672,0.9861291934866359
img_000097.jpg,train,0.473223824483122,0.45131923948879926,1.0
img_000098.jpg,train,0.6121340576176793,0.5659880554264657,0.5938338717638361
img_000099.jpg,train,0.5765032574944615,0.41330423569933467,0.6983989943917762
img_000100.jpg,train,0.5543967118394962,0.5531307611286885,0.6055695639031597
img_000101.jpg,train,0.5795530097306275,0.5060745670676342,0.8145419156104903
img_000102.jpg,train,0.3955284532261434,0.40296074529898984,1.0
img_000103.jpg,train,0.6672850542814249,0.4932501565452796,0.7376389643208461
img_000104.jpg,train,0.5929128978414897,0.5172204645398127,0.8147843970594071
img_000105.jpg,train,0.6467846372587545,0.5477610677892587,0.9093975556991083
img_000106.jpg,train,0.4960483830314934,0.4364405300614333,0.6352412182577976
img_000107.jpg,train,0.4247091649530299,0.7056618335087829,0.7726706122797156
img_000108.jpg,train,0.45664710694807936,0.7246998085202484,0.6780004966135347
img_000109.jpg,train,0.6568124586749088,0.5945915581444033,0.8354908102888968
img_000110.jpg,train,0.5650828659550823,0.7667486229230823,0.6126169327361106
img_000111.jpg,train,0.4829428328513374,0.3870795297722875,0.6793133993748552
img_000112.jpg,train,0.7242506272082156,0.654293212062354,1.0
img_000113.jpg,train,0.5284723508345257,0.7407594766256445,0.612346089839113
img_000114.jpg,train,0.5167127549126386,0.6506305532007978,0.6175618696396884
img_000115.jpg,train,0.4626885185060751,0.6931222901877829,0.8861609839861905
img_000116.jpg,train,0.7716257992345446,0.43069790525584306,1.0
img_000117.jpg,train,0.6106567038624694,0.5188053284618727,0.8318483381391261
img_000118.jpg,train,0.5152404711290574,0.7058291041596343,0.885449369713803
img_000119.jpg,train,0.6450477952544103,0.5311748913848953,0.9391251130874154
img_000120.jpg,train,0.41388274506560707,0.37003033529271123,0.6087015823729094
img_000121.jpg,train,0.4016292371177313,0.5744764361997093,0.6013085391464523
img_000122.jpg,train,0.3901310800023963,0.7538154389736492,1.0
img_000123.jpg,train,0.5614401511525885,0.5719181259848131,0.6947007663425859
img_000124.jpg,train,0.6299821296311676,0.3856038363820751,0.6545546854280694
img_000125.jpg,train,0.5333144547243305,0.4278930499292681,0.6287830848238433
img_000126.jpg,train,0.3883871628421532,0.3813131416136953,1.0
img_000127.jpg,train,0.7302825841898203,0.47927649179339776,1.0
img_000128.jpg,train,0.39093167614526464,0.53718302057634,0.6124003428308007
img_000129.jpg,train,0.757290458715825,0.6988845508378746,0.6751892825317403
img_000130.jpg,train,0.3885414667984824,0.6077684490438364,1.0
img_000131.jpg,train,0.5472819039453252,0.42294992460887587,0.6958866936632366
img_000132.jpg,train,0.5928802382018844,0.432537699945156,0.9939973423077314
img_000133.jpg,train,0.41863545943092406,0.6270538300563367,0.6936536876543858
img_000134.jpg,train,0.48647881367209694,0.45633919047175703,0.755874943031225
img_000135.jpg,train,0.43080690907752467,0.4828470466079873,0.8817219710998259
img_000136.jpg,train,0.5247566357548504,0.4921673591172319,0.8670536931064463
img_000137.jpg,train,0.7012346151043559,0.7147800525039204,1.0
img_000138.jpg,train,0.5178383959019932,0.403026268579829,0.6974900200506299
img_000139.jpg,train,0.6419839125114843,0.40396734096782067,1.0
img_000140.jpg,train,0.48617388060156747,0.4684569153912251,0.7580789371805464
img_000141.jpg,train,0.5376809702490332,0.5856634803168576,0.9850310812540256
img_000142.jpg,train,0.41511437740937457,0.6830385657472223,0.8480934587943008
img_000143.jpg,train,0.45904765712708445,0.3968800181972685,0.8981784498332395
img_000144.jpg,train,0.390717225234833,0.5841593634225813,0.6836226202285276
img_000145.jpg,train,0.49764383192926837,0.3883754660261844,0.7848123259584344
img_000146.jpg,train,0.6038100288429695,0.557673704466605,0.5886681981473363
img_000147.jpg,train,0.5277417036163897,0.5656743861698846,0.797011827455074
img_000148.jpg,train,0.6424882318655337,0.46973324257006127,0.7069567968724267
img_000149.jpg,train,0.39245029654012836,0.7768883541958623,0.8165623390393527
img_000150.jpg,train,0.5962675061240722,0.5777396090884829,0.9043635940352251
img_000151.jpg,train,0.47114080718518664,0.42906588815370794,0.7936406916261891
img_000152.jpg,train,0.5223344651142238,0.6683631967543717,0.8408515129352452
img_000153.jpg,train,0.563433237490235,0.5439169899765207,0.9375804829804024
img_000154.jpg,train,0.6440428671083889,0.6324057351328306,0.8655836018912769
img_000155.jpg,train,0.37981785471387486,0.46118239702195485,1.0
img_000156.jpg,train,0.553551748523931,0.411717151970367,0.8351083394624195
img_000157.jpg,train,0.4530489552871971,0.3980247419749093,0.6002279146217305
img_000158.jpg,train,0.4105252018788342,0.4043246292992942,1.0
img_000159.jpg,train,0.6245445503145812,0.49099174425834285,0.5946512652740833
img_000160.jpg,train,0.47184639625697944,0.45135638538886386,0.7813673706599986
img_000161.jpg,train,0.7754356698176749,0.5121365404452546,1.0
img_000162.jpg,train,0.40090924961006547,0.4164649750132721,0.7003894653148852
img_000163.jpg,train,0.679304236826633,0.38098310778495614,1.0
img_000164.jpg,train,0.5700826411112697,0.3996829629305784,0.6801862025717373
img_000165.jpg,train,0.6086043027521234,0.7244595451575445,0.6388127723661893
img_000166.jpg,train,0.5600906585415081,0.503093658643135,0.858070621206361
img_000167.jpg,train,0.40750281759112833,0.3872417060089444,0.751239963206418
img_000168.jpg,train,0.6932793965204205,0.6483109802561077,1.0
img_000169.jpg,train,0.529040615631679,0.707453611820386,0.9013271479604774
img_000170.jpg,train,0.4943843770821961,0.4521112884893978,0.6574061524208605
img_000171.jpg,train,0.6626070934713771,0.7312596532308294,0.7563407469333169
img_000172.jpg,train,0.4906284575125346,0.6122488294754445,0.8104087905755615
img_000173.jpg,train,0.4075509841825588,0.4243265654415116,0.5983676031229084
img_000174.jpg,train,0.7415612685273794,0.6046875250045928,1.0
img_000175.jpg,train,0.4815734775477141,0.6480854759936303,0.5965310010898002
img_000176.jpg,train,0.4386900694382045,0.703206242071491,0.5908121633812305
img_000177.jpg,train,0.6504459753781179,0.4207871511205952,0.6061479419282128
img_000178.jpg,train,0.45541193538246744,0.6211278924231484,0.9474774557213892
img_000179.jpg,train,0.5321559261945531,0.554826932367626,0.9318245642609561
img_000180.jpg,train,0.48639202164028567,0.7258289051963582,0.6511956713743757
img_000181.jpg,train,0.753979223016997,0.5354601796414692,0.914788824248256
img_000182.jpg,train,0.5872105577084956,0.6205101939664567,0.8716702093469055
img_000183.jpg,train,0.40607684224897983,0.5581241069432613,0.6827676449570959
img_000184.jpg,train,0.3845443802593144,0.6026936632252364,0.6318711058295627
img_000185.jpg,train,0.6591420672833377,0.46283606475149863,0.6243323843251765
img_000186.jpg,train,0.3764729075413302,0.6720518926945932,0.8991554213295886
img_000187.jpg,train,0.5676782384334319,0.7130027246792346,0.679289576362025
img_000188.jpg,train,0.4202154733624928,0.5755501236640673,1.0
img_000189.jpg,train,0.6494291319721736,0.5818353955218165,0.59819171222875
img_000190.jpg,train,0.6421963435993548,0.6503754803836984,0.6972384155228537
img_000191.jpg,train,0.5336445536211523,0.3883695940415004,0.7204382219503549
img_000192.jpg,train,0.5633630290807466,0.4883157050708237,0.7419127919922756
img_000193.jpg,train,0.5658202685789235,0.41444109181484956,0.8223310782877727
img_000194.jpg,train,0.40978098108374744,0.5516691033814309,1.0
img_000195.jpg,train,0.42036982722894844,0.6008535877624889,0.6076729237950969
img_000196.jpg,train,0.4064545651252313,0.6970600343253462,0.7876227578466113
img_000197.jpg,train,0.4938161084096698,0.4870897438129666,0.6367126488725136
img_000198.jpg,train,0.6334575769623331,0.6675988936693096,0.8833977305178057
img_000199.jpg,train,0.6692634449403849,0.6744232816088136,0.6348519829590386
img_000200.jpg,train,0.5922388249580702,0.5751711281219397,0.724910207558613
img_000201.jpg,train,0.7407637154175332,0.6265189204138261,0.7108757300033919
img_000202.jpg,train,0.5868424593906778,0.4164352383872229,0.65412202980461
img_000203.jpg,train,0.5941036137387427,0.4799008383846002,0.6338922346627022
img_000204.jpg,train,0.6565725190323107,0.41691616858040553,0.6197840833441469
img_000205.jpg,train,0.7339692011506478,0.6115173296034722,0.9678036122744685
img_000206.jpg,train,0.4014620834568608,0.7340846916101529,1.0
img_000207.jpg,train,0.3765957872986128,0.48211691332010487,0.597300309221713
img_000208.jpg,train,0.49704012477986986,0.667764016301033,0.7725520723772556
img_000209.jpg,train,0.4966469273713461,0.45393461005637414,0.6095098718500922
img_000210.jpg,train,0.4349561248798837,0.7046881503861039,1.0
img_000211.jpg,train,0.38003453697626915,0.3807878508202145,0.8566276859780564
img_000212.jpg,train,0.7272064921643318,0.6535622221304657,1.0
img_000213.jpg,train,0.7222242987337025,0.5822202078351534,0.7027917726841624
img_000214.jpg,train,0.5591484939519561,0.6566381088593637,1.0
img_000215.jpg,train,0.5940498061839944,0.4840560566622991,0.6450087144280069
img_000216.jpg,train,0.7246500199436171,0.3800489551630372,0.7306133596896137
img_000217.jpg,train,0.4553710181802623,0.591710450454464,0.8957405509910349
img_000218.jpg,train,0.43825401149342785,0.5412111299347582,1.0
img_000219.jpg,train,0.49697083690606814,0.39207998985713327,0.6791468792894508
img_000220.jpg,train,0.40113010672180655,0.5142814849481548,0.659103821919668
img_000221.jpg,train,0.7737240766393132,0.3926586890958821,1.0
img_000222.jpg,train,0.4204953180179598,0.4714612267892247,1.0
img_000223.jpg,train,0.5946249062779784,0.39989391062975804,0.6325403072354718
img_000224.jpg,train,0.6610158822363016,0.3722208106546212,0.7611902444912233
img_000225.jpg,train,0.43205831744723505,0.5597550139617011,0.6409797397804246
img_000226.jpg,train,0.6748997979993671,0.4201561546302843,1.0
img_000227.jpg,train,0.47605345959007384,0.5658373286708659,1.0
img_000228.jpg,train,0.5826513244029045,0.6319651415033132,0.7017985313341335
img_000229.jpg,train,0.38239729787894844,0.4232462764325408,0.9612900446396376
img_000230.jpg,train,0.6751956067583117,0.7109233304367049,0.766402230517647
img_000231.jpg,train,0.49779198910903827,0.4816359557075212,0.599284292996309
img_000232.jpg,train,0.3766626926925616,0.6408596473556467,0.9350490645307753
img_000233.jpg,train,0.41769987566153405,0.3837083840459424,0.8295808021785063
img_000234.jpg,train,0.5130543216758982,0.4963958262099711,0.6481014261365005
img_000235.jpg,train,0.3810474099852293,0.7038707873384137,0.8410810078092962
img_000236.jpg,train,0.43202550330896755,0.37075867286198,0.6771567522268407
img_000237.jpg,train,0.41025589016407277,0.5228435949446136,0.6298678033336864
img_000238.jpg,train,0.5453144720207211,0.6091613613550321,0.7384527157322363
img_000239.jpg,train,0.4249624667555059,0.5570992675244052,0.8919196300155822
img_000240.jpg,train,0.6387011529378738,0.5816736880602255,0.8515675850028523
img_000241.jpg,train,0.7534857282469066,0.6834142856496489,0.7002936020853094
img_000242.jpg,train,0.3932334731761766,0.38834339052562505,0.630083241628516
img_000243.jpg,train,0.37270709984754413,0.38588388555969066,0.7529666655250408
img_000244.jpg,train,0.4935199669612655,0.5259464450435606,0.6076058321118816
img_000245.jpg,train,0.62335685054112,0.6803124910671428,1.0
img_000246.jpg,train,0.5158944860935022,0.505619099942245,0.7652889529190289
img_000247.jpg,train,0.4292901103669952,0.40766854257338636,0.6129155925631187
img_000248.jpg,train,0.5591199588504608,0.46795213265421315,1.0
img_000249.jpg,train,0.7342375654104423,0.5818770982157848,0.7123927421516745
img_000250.jpg,train,0.42162818337892666,0.47193703097147627,0.6700364158478503
img_000251.jpg,train,0.3865049514675909,0.5429285684054815,0.6197985985771396
img_000252.jpg,train,0.4196761873922232,0.5221605198567123,0.8801465110837733
img_000253.jpg,train,0.7262776731535977,0.7355078971678304,0.8457871678572121
img_000254.jpg,train,0.4074267677119801,0.39457492808955363,1.0
img_000255.jpg,train,0.6657841257826983,0.6448039178926402,0.6784693665214035
img_000256.jpg,train,0.7693127997802978,0.44638214007460214,0.6181092069703834
img_000257.jpg,train,0.3888180278526446,0.5843687994431307,0.968133649595787
img_000258.jpg,train,0.5472644941677073,0.7201516203458717,1.0
img_000259.jpg,train,0.5472364626045908,0.6503363912039964,0.9254581380736003
img_000260.jpg,train,0.537482347378638,0.7150114770959272,0.8579627061203183
img_000261.jpg,train,0.4255621633136502,0.6378443644175582,0.6835523153652836
img_000262.jpg,train,0.46686106871380345,0.7186678137612431,0.7861770110547719
img_000263.jpg,train,0.6920247344765338,0.6946133703652163,0.6582263343344202
img_000264.jpg,train,0.6085433374353846,0.6880557009918172,1.0
img_000265.jpg,train,0.5320145553761749,0.4859771980716821,1.0
img_000266.jpg,train,0.39109509946181653,0.5302092141465496,1.0
img_000267.jpg,train,0.5528119623158655,0.5353925101869814,0.603553939596566
img_000268.jpg,train,0.6571818029098945,0.4898359714827432,0.6694500420950595
img_000269.jpg,train,0.4002128563375555,0.4664959309878605,0.5962186764292222
img_000270.jpg,train,0.4973782066916887,0.39427087883500694,0.6044221347107964
img_000271.jpg,train,0.5146554201045667,0.6217670745106613,0.7520487616768048
img_000272.jpg,train,0.7455844780741235,0.5513521049058595,0.6157775858218307
img_000273.jpg,train,0.41354835282941577,0.3690727436896705,0.8568994004627153
img_000274.jpg,train,0.48149718041066825,0.5115402465924664,0.6561329704257457
img_000275.jpg,train,0.4967315783287538,0.6971918072033403,0.6339149000720149
img_000276.jpg,train,0.7174365156048653,0.7466898473302611,0.616359024260893
img_000277.jpg,train,0.6228749281310463,0.4664531521898036,0.9107400751760103
img_000278.jpg,train,0.6630536927073711,0.4450606170995555,0.7652647100184615
img_000279.jpg,train,0.4962610069216951,0.41674979914861066,0.8685232417616736
img_000280.jpg,train,0.40951729494015227,0.5281918633219956,0.6397566987236037
img_000281.jpg,train,0.7544352823258147,0.4867249084610778,1.0
img_000282.jpg,train,0.6930931366792509,0.6875814304918912,0.8131292696405623
img_000283.jpg,train,0.417850201629608,0.5818774550023719,0.6299754096430897
img_000284.jpg,train,0.3966280377054803,0.4744465393501807,0.942586812841685
img_000285.jpg,train,0.3951882822609263,0.3852680114980925,0.7680283517684139
img_000286.jpg,train,0.5975093062166695,0.4053038869609704,0.8774842323386568
img_000287.jpg,train,0.5798184799640401,0.37153961660822626,0.7942954185451874
img_000288.jpg,train,0.7283013926655654,0.6089221342642821,0.7782947283363923
img_000289.jpg,train,0.5306928567545136,0.5182969262938372,1.0
img_000290.jpg,train,0.45725755987092453,0.5678904383373746,1.0
img_000291.jpg,train,0.5203565568307172,0.5041065526134939,0.6251699027744299
img_000292.jpg,train,0.4728822490224445,0.5414132517472966,0.642022547128754
img_000293.jpg,train,0.403527251297297,0.4268901280938322,0.844992947427262
img_000294.jpg,train,0.6871755050219228,0.5617481428458482,0.9655692491507946
img_000295.jpg,train,0.3863247623982892,0.5668685787170392,0.8358784010325004
img_000296.jpg,train,0.4698357899781505,0.5251620099086801,0.7531041916762109
img_000297.jpg,train,0.46762440071911,0.7164438519873008,1.0
img_000298.jpg,train,0.5850087391020399,0.5045088690441127,1.0
img_000299.jpg,train,0.46546674568817953,0.6547447481928458,0.9084246396991557
img_000300.jpg,train,0.5015117604348975,0.5734026047507745,0.8229753528499022
img_000301.jpg,train,0.40109847295988904,0.5016372630809385,0.6850157170470679
img_000302.jpg,train,0.3689465893651834,0.7633128658966499,0.6972027407404494
img_000303.jpg,train,0.7356693750829223,0.6048554051797725,0.7012063924905461
img_000304.jpg,train,0.7419309625127325,0.587986262523271,1.0
img_000305.jpg,train,0.5344067178793832,0.5897752499711372,0.6652829490085508
img_000306.jpg,train,0.38584617861546305,0.49671954940189583,0.6208078877900427
img_000307.jpg,train,0.5076475701170264,0.7528544224238934,1.0
img_000308.jpg,train,0.5192878891178129,0.45907934810617607,0.7275560518819852
img_000309.jpg,train,0.6287096075939657,0.5433010128668224,0.8412013820112404
img_000310.jpg,train,0.5872937160745398,0.38271985419126137,1.0
img_000311.jpg,train,0.5747928308690607,0.5638653254214537,1.0
img_000312.jpg,train,0.6130796708575548,0.7020469543454787,0.7296026039888933
img_000313.jpg,train,0.4509756358799824,0.3907174046335628,0.5896835861347204
img_000314.jpg,train,0.3708272865742674,0.6609417849483302,0.9984515554894975
img_000315.jpg,train,0.4479722988645782,0.6402458893778404,0.7646682886844447
img_000316.jpg,train,0.5691055740798622,0.5383246040717272,0.9485345667650561
img_000317.jpg,train,0.6924554312549062,0.38981988430204045,0.7705720842525781
img_000318.jpg,train,0.38336929979859935,0.6346254950061669,0.7471317788169196
img_000319.jpg,train,0.4646256719130841,0.44783206107174517,0.5997202279494322
img_000320.jpg,train,0.7092396519099776,0.5158252303494937,0.9264159403269906
img_000321.jpg,train,0.4175806276746014,0.4017488251536139,1.0
img_000322.jpg,train,0.5031459767939798,0.45111741305639397,0.9124682762034245
img_000323.jpg,train,0.5031714749230239,0.6369911240157742,0.6759778058433803
img_000324.jpg,train,0.4263743377325482,0.3727636838431125,1.0
img_000325.jpg,train,0.3969470553729562,0.42797764552600537,0.9723307176858863
img_000326.jpg,train,0.6265182825708745,0.6055682696942619,0.7308021825131569
img_000327.jpg,train,0.372516338750055,0.6323006783388596,0.8765320555742764
img_000328.jpg,train,0.7514802544330498,0.39807300851720173,0.7149198995004945
img_000329.jpg,train,0.3841625856749629,0.38110375171901617,0.6368200814964068
img_000330.jpg,train,0.41117747790809683,0.7576479801360092,0.5930092939545201
img_000331.jpg,train,0.5111132851337339,0.6060978018963484,0.8439065620237352
img_000332.jpg,train,0.5179871426575887,0.5895342227284731,1.0
img_000333.jpg,train,0.4131252569536894,0.4533431971311379,0.9556438675393165
img_000334.jpg,train,0.7603054200141496,0.4092385047291134,0.8881384887973156
img_000335.jpg,train,0.5811065856861606,0.4127884701626776,1.0
img_000336.jpg,train,0.39019952570017624,0.44286487850691153,0.7454237039666662
img_000337.jpg,train,0.47659885561140386,0.6329263778826418,0.594576993677907
img_000338.jpg,train,0.5856243478112404,0.4605526290147277,0.749827386033657
img_000339.jpg,train,0.5186116365587158,0.4393451728457367,0.8620399739093555
img_000340.jpg,train,0.45252176204605954,0.4005901917555759,0.7060683424856008
img_000341.jpg,train,0.4530153255580102,0.48593976872940087,0.8568993888599645
img_000342.jpg,train,0.39228231916302897,0.44237130758141596,0.7457110243102326
img_000343.jpg,train,0.38306900196504373,0.4278057247266959,0.5934967430895337
img_000344.jpg,train,0.7404285940673919,0.40932867812710105,0.6354746962868136
img_000345.jpg,train,0.4484146611422852,0.5123571672607508,1.0
img_000346.jpg,train,0.37128673239344145,0.5248492107637471,0.5941483244509442
img_000347.jpg,train,0.42287687858684436,0.46430163250332085,0.7964999502918046
img_000348.jpg,train,0.5363323118024819,0.46060010895082454,0.6351386846701695
img_000349.jpg,train,0.5109032134340729,0.7537650154756538,1.0
img_000350.jpg,train,0.7660362623404949,0.773692266537534,0.6768758752186791
img_000351.jpg,train,0.44024560605387714,0.6219781479372658,1.0
img_000352.jpg,train,0.371714562861624,0.412268324283185,0.7712365146847298
img_000353.jpg,train,0.6372808319799299,0.7294974825738483,0.7460941302804993
img_000354.jpg,train,0.44746129962440423,0.3713283135198154,0.6385083493243177
img_000355.jpg,train,0.41482298517922,0.3943472946284805,0.8567304620560149
img_000356.jpg,train,0.41044790359735844,0.4003019827470317,0.6013967826263331
img_000357.jpg,train,0.7001529737313388,0.37504470664449724,0.5962295166087064
img_000358.jpg,train,0.5212996221523746,0.42797931926137256,0.6202179556700607
img_000359.jpg,train,0.5864407149232185,0.5085433733921092,0.5941178999526174
img_000360.jpg,train,0.4639163902739096,0.606078370691222,0.9027570478470116
img_000361.jpg,train,0.46762928378511964,0.6707642967855939,1.0
img_000362.jpg,train,0.4111113016061168,0.7518437741701192,0.8857861810096149
img_000363.jpg,train,0.526962011221587,0.5274971371354623,0.7303088859106212
img_000364.jpg,train,0.6029403773604467,0.7371484053931892,0.6454765114021336
img_000365.jpg,train,0.3688336823792566,0.6420812054676034,1.0
img_000366.jpg,train,0.5425971281730112,0.7611369795635589,0.9851254983947578
img_000367.jpg,train,0.43626451441368835,0.518112602346926,0.6664464139131321
img_000368.jpg,train,0.7322369048527689,0.6150987830261719,0.6043885721339698
img_000369.jpg,train,0.5294712835705586,0.5453844687684088,0.6708941609454407
img_000370.jpg,train,0.6073569784104692,0.45433243524705585,0.7922891026603913
img_000371.jpg,train,0.6387984932490217,0.4043253042402462,1.0
img_000372.jpg,train,0.5447321308550633,0.5524130843698495,1.0
img_000373.jpg,train,0.4935402698184695,0.5758663549189261,0.6710511839307135
img_000374.jpg,train,0.4394646505130105,0.7092212372464788,0.6188028770403627
img_000375.jpg,train,0.7523613582992281,0.6151119254398453,0.9038525605448932
img_000376.jpg,train,0.46714438763036475,0.6841474499353,0.8213567368007694
img_000377.jpg,train,0.5770143608008226,0.49158388958267524,0.9862160056597447
img_000378.jpg,train,0.5530464593587961,0.44695587414944143,0.7400859735014053
img_000379.jpg,train,0.6187063468201391,0.6105391755643689,0.7142805486172589
img_000380.jpg,train,0.6258838514484766,0.7661299927649022,0.6630336011199013
img_000381.jpg,train,0.4053169598376498,0.45991643803527005,1.0
img_000382.jpg,train,0.5949127360877503,0.4540145488029467,0.6457829581435123
img_000383.jpg,train,0.7113241507991689,0.47967983592027846,0.7026581629476213
img_000384.jpg,train,0.558020875865282,0.3990254865017097,0.7403793845572723
img_000385.jpg,train,0.4893438021788774,0.5317539080324635,0.6732756825338767
img_000386.jpg,train,0.4516348006866792,0.5430600553902795,0.7705019288031753
img_000387.jpg,train,0.48418621509822596,0.3877557883832057,0.5910365941649688
img_000388.jpg,train,0.707999740565926,0.4424323070545957,0.6636332659084989
img_000389.jpg,train,0.39188357720199596,0.4074319129925324,0.6178967989557521
img_000390.jpg,train,0.4493240792865647,0.6686291143435823,0.9960897113238545
img_000391.jpg,train,0.7409703486267945,0.5060876820323025,0.6802444026496546
img_000392.jpg,train,0.746390895972723,0.485713178751757,1.0
img_000393.jpg,train,0.46424824349958155,0.5906506461492408,1.0
img_000394.jpg,train,0.618068255879574,0.5800047961271028,0.8546190095944917
img_000395.jpg,train,0.5193116492008202,0.4059499822045713,0.7744485449326441
img_000396.jpg,train,0.5564428514821338,0.6029815424653601,0.6644987574769847
img_000397.jpg,train,0.6841166369267063,0.386084779705332,1.0
img_000398.jpg,train,0.45341467369863836,0.6066480071154104,1.0
img_000399.jpg,train,0.6453895982129452,0.40875497986072046,0.7337438804824938
img_000400.jpg,train,0.5543520729723636,0.4555532568376881,0.9639756504185981
img_000401.jpg,train,0.6885292785936921,0.3692343962242157,1.0
img_000402.jpg,train,0.5660886732497481,0.6107296625859525,0.8351310385684054
img_000403.jpg,train,0.3876968918824664,0.7034832345119594,0.9860087763574483
img_000404.jpg,train,0.5951821566628186,0.7117106412956383,1.0
img_000405.jpg,train,0.4843777349892555,0.5393085014613567,0.9398202695534225
img_000406.jpg,train,0.4648493586592455,0.4455158403341149,0.9124027966702567
img_000407.jpg,train,0.5692015973454113,0.44199624502725693,0.76689904165856
img_000408.jpg,train,0.5271462086146356,0.43680005417132567,0.957001390276433
img_000409.jpg,train,0.6979057063483635,0.616764718839253,1.0
img_000410.jpg,train,0.5088666639287464,0.3783844955310702,0.8130606608432762
img_000411.jpg,train,0.3718299410508877,0.4024040737890083,0.923812491157428
img_000412.jpg,train,0.5765533148539496,0.7267367546174065,0.7820291927176336
img_000413.jpg,train,0.45285413748626446,0.6288735144230068,1.0
img_000414.jpg,train,0.5196488697523267,0.6170981827599372,0.6097923424720565
img_000415.jpg,train,0.5515164421279858,0.46094713688136685,0.7082181706424172
img_000416.jpg,train,0.40161212857831075,0.46797466156979156,0.5989397921143762
img_000417.jpg,train,0.41247275276665424,0.4472487608350065,0.6141999161746533
img_000418.jpg,train,0.3834043099373818,0.5146605725500605,0.7677727047808026
img_000419.jpg,train,0.5286360964958358,0.4521277343054841,0.5912795404617568
img_000420.jpg,train,0.44065664080848316,0.3866088414033942,0.6035547647004393
img_000421.jpg,train,0.7129564896794284,0.4087001377291921,1.0
img_000422.jpg,train,0.4149789774005086,0.6147030675964462,0.6308030089848152
img_000423.jpg,train,0.7673593450483752,0.3794182382145495,0.8642934538284162
img_000424.jpg,train,0.5042693073065924,0.6267480840916103,1.0
img_000425.jpg,train,0.47529150846488877,0.5553758601629353,0.7773766556822076
img_000426.jpg,train,0.6461610522527462,0.6324254239106186,0.6083896814811791
img_000427.jpg,train,0.4312572772452721,0.5871836608695612,0.9092343226460726
img_000428.jpg,train,0.45029679043000376,0.5271666967670109,1.0
img_000429.jpg,train,0.4637295421619066,0.6155701744793715,0.6486779951511451
img_000430.jpg,train,0.594604655217957,0.6654029010138386,0.5934679975312295
img_000431.jpg,train,0.5241744968225076,0.5982699118645164,1.0
img_000432.jpg,train,0.771248840977328,0.44322252598780326,0.9649323704591092
img_000433.jpg,train,0.46990526468614374,0.5421886740590046,0.9033906364214481
img_000434.jpg,train,0.5296512727850993,0.3807709965411335,0.7222729981605163
img_000435.jpg,train,0.38169694344024707,0.41072461656984904,0.900963602567032
img_000436.jpg,train,0.6568529125136829,0.4707384160672235,0.6779787346084188
img_000437.jpg,train,0.6896035105822295,0.38294482730373725,0.6384204662283426
img_000438.jpg,train,0.4711043750242438,0.49501391546078893,1.0
img_000439.jpg,train,0.5192899272838801,0.5467689659890552,0.8757198243847105
img_000440.jpg,train,0.5554788764774914,0.6391797695958225,0.5902728804446664
img_000441.jpg,train,0.4227160406153711,0.4655223698682553,0.8603205994324357
img_000442.jpg,train,0.40580571284604794,0.659416031117508,0.7115300711013336
img_000443.jpg,train,0.3728042906625137,0.6254937253784701,0.8014544013414947
img_000444.jpg,train,0.7686231637363087,0.501722835618053,0.714512591211659
img_000445.jpg,train,0.3921505705085462,0.7517446078432702,0.9537729418693816
img_000446.jpg,train,0.7529557083199174,0.6679992390642812,0.8017549382884817
img_000447.jpg,train,0.6750770996932004,0.5335775408391132,0.7321935328888608
img_000448.jpg,train,0.5810588341415284,0.4795896264717235,0.7255786002441224
img_000449.jpg,train,0.47500166847869457,0.474593947303831,1.0
img_000450.jpg,train,0.533094950505225,0.6373328491193901,1.0
img_000451.jpg,train,0.5746897544895836,0.5085258505216532,0.6050194767507227
img_000452.jpg,train,0.4073152982121752,0.5958273249266934,0.7243302603108404
img_000453.jpg,train,0.5067442640517688,0.490033583640406,0.6850919154931175
img_000454.jpg,train,0.6789397517814669,0.5184574139695526,1.0
img_000455.jpg,train,0.6469805953040172,0.6931694357761323,0.7979710380846566
img_000456.jpg,train,0.4452889812880092,0.5490556461285698,0.7549020116221471
img_000457.jpg,train,0.5794244074529397,0.6476105106788914,1.0
img_000458.jpg,train,0.7351178631351601,0.4749939472110493,0.7375686900099095
img_000459.jpg,train,0.6589044306803223,0.5907881333432878,0.8386949481934233
img_000460.jpg,train,0.61099022576705,0.3736101446406435,0.8216440380626527
img_000461.jpg,train,0.37715888620279775,0.4163070839568957,0.9395776337155927
img_000462.jpg,train,0.6955134934199676,0.42135717563909125,0.6941068966323252
img_000463.jpg,train,0.42541328718707794,0.5821357339681845,0.698596908328236
img_000464.jpg,train,0.439371021946697,0.48522090317906824,1.0
img_000465.jpg,train,0.5177744251948928,0.6058181687517146,0.8634255863428688
img_000466.jpg,train,0.39103171398317293,0.5306717282808027,0.7786898844439853
img_000467.jpg,train,0.6891543926452567,0.4537967051770268,1.0
img_000468.jpg,train,0.5681754981545635,0.5314720342393061,0.5892300834703132
img_000469.jpg,train,0.7614710304681057,0.7224428613932242,0.8342124245900336
img_000470.jpg,train,0.49780610535183484,0.6071340891604707,1.0
img_000471.jpg,train,0.3964001934902412,0.5249166767598011,1.0
img_000472.jpg,train,0.6710606701616872,0.5348029602960942,0.5990454208634969
img_000473.jpg,train,0.5017972465745074,0.5110516590646849,0.6850943598913131
img_000474.jpg,train,0.3684444314128368,0.4670859380997065,1.0
img_000475.jpg,train,0.390923619473436,0.5450852880703329,0.5986201519991576
img_000476.jpg,train,0.4393839836671594,0.6645582101869755,0.8505343478981019
img_000477.jpg,train,0.755303467858999,0.7094159565996337,0.7308185654201326
img_000478.jpg,train,0.6524334700528199,0.4581356106644618,1.0
img_000479.jpg,train,0.3900834208177429,0.5392738572701238,0.8825923766388312
img_000480.jpg,train,0.45196719881026165,0.5296816790007256,0.6705361377870783
img_000481.jpg,train,0.41746948614703755,0.406199092161446,0.807034215991339
img_000482.jpg,train,0.45746866772185485,0.4479495043672855,0.6740902720571919
img_000483.jpg,train,0.7655704492787415,0.6852159552970822,0.864410190774581
img_000484.jpg,train,0.6896713219670012,0.5826140553683657,0.9665970843587529
img_000485.jpg,train,0.3728616795802268,0.578121004540109,0.8736588868759712
img_000486.jpg,train,0.49685856650625304,0.5100680718678888,0.6714132848677459
img_000487.jpg,train,0.4575536986912507,0.5939385596130934,1.0
img_000488.jpg,train,0.7268109012575947,0.5205117064606243,0.7208580050853064
img_000489.jpg,train,0.5050962513946021,0.43862095139794527,0.7706984812552807
img_000490.jpg,train,0.5970639227253592,0.63743838989657,0.6503016936330571
img_000491.jpg,train,0.47942159619258246,0.3967738544964076,1.0
img_000492.jpg,train,0.4021261255389302,0.7360888679260281,1.0
img_000493.jpg,train,0.7439968781887373,0.6793132278622892,0.605208707238122
img_000494.jpg,train,0.43388902575715643,0.7626413758679081,0.831850126876261
img_000495.jpg,train,0.6067743626904956,0.4832284245695074,0.6424085405772536
img_000496.jpg,train,0.735407104974449,0.6248064695580448,0.6907150790557973
img_000497.jpg,train,0.47726331403171,0.7357869156820037,0.5937393107503799
img_000498.jpg,train,0.409154427627088,0.6542423930531642,0.6905854410071737
img_000499.jpg,train,0.6676980380542402,0.6871945883223204,0.6315288086269877
img_000500.jpg,train,0.6515340880089998,0.5106336432454142,0.8676045277855937
img_000501.jpg,train,0.48725710500465436,0.4418701403608278,0.6210477723521041
img_000502.jpg,train,0.66288684642341,0.7755075304605811,0.7201218064130974
img_000503.jpg,train,0.6026574321660046,0.4716921960118479,0.6718378055414889
img_000504.jpg,train,0.5149727911809673,0.4702569039148927,0.794049315648045
img_000505.jpg,train,0.5834560711502892,0.4059781405118561,0.8484692554611801
img_000506.jpg,train,0.6063577190588428,0.6488520674903041,0.7312206217016979
img_000507.jpg,train,0.7020530932802843,0.45082946554847475,0.977969561376601
img_000508.jpg,train,0.471051669027126,0.694060913675716,0.6717892349938728
img_000509.jpg,train,0.4655332121403566,0.6123050011446286,0.7280701280760454
img_000510.jpg,train,0.39904776828989946,0.4238592286261523,0.666732993823299
img_000511.jpg,train,0.3715216899602026,0.6339466101484065,1.0
img_000512.jpg,train,0.3979249845236749,0.4190588122768433,0.6601058854906057
img_000513.jpg,train,0.507501724282737,0.5824354577181637,0.6313166912609002
img_000514.jpg,train,0.5892177008591708,0.4373623418861379,0.6595742871066173
img_000515.jpg,train,0.551316459849723,0.6942258923998753,0.7143094149464763
img_000516.jpg,train,0.5585855197440958,0.3949015357200663,0.6620317420501097
img_000517.jpg,train,0.6503570922105674,0.40318294770037494,0.7968013483730577
img_000518.jpg,train,0.47443874864636,0.39216143822678856,0.6828911329501677
img_000519.jpg,train,0.6223422183932922,0.6690776143677479,0.5999719523129013
img_000520.jpg,train,0.5217387139279857,0.42388979205367744,0.6085906346554558
img_000521.jpg,train,0.7380633440755254,0.3981987752974674,0.868907139915658
img_000522.jpg,train,0.5833298587621384,0.43872121626079846,0.702253561489364
img_000523.jpg,train,0.3978127868545999,0.5927668720413025,0.6543896902960743
img_000524.jpg,train,0.5440234262270836,0.6270540773472114,0.7425094091896084
img_000525.jpg,train,0.5745360672351505,0.6076055440820127,0.7247980738818788
img_000526.jpg,train,0.5763313534383777,0.3727571851870568,0.8688055606117112
img_000527.jpg,train,0.49496408204582415,0.3833286415196128,0.6577654891528358
img_000528.jpg,train,0.4249774620323071,0.4525368113162034,0.7755279398607767
img_000529.jpg,train,0.7329308791341478,0.3833264641556459,0.7175384510357227
img_000530.jpg,train,0.5707108347233693,0.6750281754071624,1.0
img_000531.jpg,train,0.7635385987904528,0.5770281402465446,0.8101514879114368
img_000532.jpg,train,0.7164590927400606,0.5577375505719737,1.0
img_000533.jpg,train,0.6258164889785167,0.5218119373797033,0.9589693397068799
img_000534.jpg,train,0.49925918778615114,0.6136702915046488,1.0
img_000535.jpg,train,0.4000117485701078,0.7242927057917949,0.5896068868505092
img_000536.jpg,train,0.5308973033057812,0.4091458478827734,0.6531177106845595
img_000537.jpg,train,0.5099802075145003,0.5986750894771764,1.0
img_000538.jpg,train,0.491980480887743,0.6276891362480109,0.6112850656865197
img_000539.jpg,train,0.37840883564457206,0.7679974541802276,0.7643009292775289
img_000540.jpg,train,0.6276865001182029,0.5504420772930322,0.8928881316091024
img_000541.jpg,train,0.6708786211985333,0.3977294807577952,1.0
img_000542.jpg,train,0.37617149196032534,0.42893677917401174,0.7344539015165138
img_000543.jpg,train,0.4357360365652411,0.47951587167594606,1.0
img_000544.jpg,train,0.5849223862788966,0.5037304999778276,0.6853149353865463
img_000545.jpg,train,0.7002531506093264,0.6102675473843836,0.9397015504714894
img_000546.jpg,train,0.5367393732903293,0.5129980085328274,0.599133037699959
img_000547.jpg,train,0.48002840278701386,0.4169462201665593,0.8471995655559037
img_000548.jpg,train,0.6793160540468128,0.5161073531918979,0.9549154986661981
img_000549.jpg,train,0.469846518535941,0.5575658291418404,0.596487024091496
img_000550.jpg,train,0.5593386524346835,0.4373350106583471,0.6774991297259956
img_000551.jpg,train,0.4569222116807204,0.6892101409415371,0.6849488387941727
img_000552.jpg,train,0.48472318076039933,0.5230693797514813,0.5893289746206428
img_000553.jpg,train,0.5042824736361928,0.4281871179549038,0.676793253758831
img_000554.jpg,train,0.6877291421882633,0.45186804815884524,1.0
img_000555.jpg,train,0.3722486948069374,0.4344226720538685,0.669583505150928
img_000556.jpg,train,0.4545891184532129,0.6378325260886702,1.0
img_000557.jpg,train,0.5229686270680377,0.5969118134702995,0.6552080912571405
img_000558.jpg,train,0.7415635907618595,0.43169138873983925,0.8338012185065548
img_000559.jpg,train,0.44803906136677973,0.7642628880535495,0.7722945301277879
img_000560.jpg,train,0.5596849407496282,0.5840606775906997,0.8860952306063787
img_000561.jpg,train,0.6921101962471368,0.7134891710655618,0.9339900140395865
img_000562.jpg,train,0.6177941161808332,0.4740365938238715,0.6461041659279795
img_000563.jpg,train,0.4081667584690753,0.46502625558145533,0.9211340536985855
img_000564.jpg,train,0.637645323394945,0.6197444782823447,0.7144855822806272
img_000565.jpg,train,0.4103769061151337,0.4383193593746819,0.6016753717446304
img_000566.jpg,train,0.39376596132833913,0.5369011355016755,1.0
img_000567.jpg,train,0.5559094743736037,0.6583148831726318,0.7562311434347199
img_000568.jpg,train,0.6558854632283047,0.6154340375994004,0.8547135447089224
img_000569.jpg,train,0.49659740145585546,0.4086618648819238,0.7632571052008466
img_000570.jpg,train,0.579888659445794,0.6061426601168155,1.0
img_000571.jpg,train,0.40089751512703947,0.6077015598947878,0.9642462493963494
img_000572.jpg,train,0.6482930356444917,0.7219579437313701,1.0
img_000573.jpg,train,0.4726559717586743,0.4302145961054542,0.9184938213472735
img_000574.jpg,train,0.4484992778669959,0.4380904987929193,1.0
img_000575.jpg,train,0.6697330617310104,0.5920776792768403,0.7190333792384096
img_000576.jpg,train,0.5749763486019952,0.6139596410127881,0.6497841709007149
img_000577.jpg,train,0.5197209185130635,0.5350904960648314,0.6139038577887104
img_000578.jpg,train,0.5160957686660804,0.5453778467412108,0.6893644104276819
img_000579.jpg,train,0.49354694637095714,0.4108071613083575,1.0
img_000580.jpg,train,0.7221220749931337,0.41288357550025695,0.7475745120215997
img_000581.jpg,train,0.46865403821162843,0.4414878567131213,0.756885353392216
img_000582.jpg,train,0.6742137075864955,0.5990272672859661,0.9797159393996377
img_000583.jpg,train,0.6837929382556148,0.47236982666936383,1.0
img_000584.jpg,train,0.39036949052363834,0.45491111462433526,0.7094872963932224
img_000585.jpg,train,0.5151736325769467,0.7135520787416579,0.6733129437369554
img_000586.jpg,train,0.5102063166751564,0.4834710828728756,0.8332798337088161
img_000587.jpg,train,0.46629555249292975,0.49343132375535026,0.7078900310078584
img_000588.jpg,train,0.5331606884860792,0.6036849545067643,0.7448550200682866
img_000589.jpg,train,0.6224494385921169,0.4327275070134518,1.0
img_000590.jpg,train,0.7540284259518509,0.6508503065437491,1.0
img_000591.jpg,train,0.5169952924737204,0.4660876263357405,0.6117408028719993
img_000592.jpg,train,0.44490219689591504,0.6351268997372946,1.0
img_000593.jpg,train,0.49407276191309196,0.41235550315444797,0.6652792675989129
img_000594.jpg,train,0.5178573595093442,0.3948650992584522,1.0
img_000595.jpg,train,0.5591254463678638,0.528770431193903,0.973009433334887
img_000596.jpg,train,0.6091290275172049,0.43667880113560703,0.9720159120084848
img_000597.jpg,train,0.3873157542585955,0.757260774799156,0.6473688970233104
img_000598.jpg,train,0.5839283422240076,0.7180019057470747,0.9994398831155814
img_000599.jpg,train,0.4313928648401723,0.6468347475015385,1.0
img_000600.jpg,train,0.6514214353999073,0.37418652789099643,1.0
img_000601.jpg,train,0.4836487386737181,0.3813001267779839,0.6540697441296126
img_000602.jpg,train,0.46476118960123225,0.6628225454500701,0.8035788538089947
img_000603.jpg,train,0.49431679933771794,0.4855277577600785,0.6428934624353968
img_000604.jpg,train,0.47582528089385506,0.3918110233240382,0.6529866269507739
img_000605.jpg,train,0.703031286572806,0.4512969833404042,0.7909393679461544
img_000606.jpg,train,0.4599104084266668,0.5377286942409713,0.8269454541940717
img_000607.jpg,train,0.4272628185364831,0.74948525410059,0.6558931624565388
img_000608.jpg,train,0.4859865811841588,0.5018485304653558,0.8328980550815441
img_000609.jpg,train,0.5282568293209962,0.6157480394197474,0.886267182833251
img_000610.jpg,train,0.5306574647164957,0.39423973233073867,0.8390681499851192
img_000611.jpg,train,0.7060268784994065,0.5956254913275885,0.8099872438619667
img_000612.jpg,train,0.4508480027825561,0.6781283302232303,0.7043674119050759
img_000613.jpg,train,0.5890146072463557,0.42620217688741313,0.6176665087645358
img_000614.jpg,train,0.7588126442050345,0.4577053330643743,0.7598546959246826
img_000615.jpg,train,0.6046542168546524,0.37335008700556543,0.6167497895813437
img_000616.jpg,train,0.7491201532272717,0.7082334266956458,0.6594265562609795
img_000617.jpg,train,0.613866520572781,0.3758945512208339,0.9267313843175817
img_000618.jpg,train,0.47723542569967997,0.4288411346428827,1.0
img_000619.jpg,train,0.4276236071035681,0.5660498624035952,0.8123077411864815
img_000620.jpg,train,0.6118483872709253,0.46390094400491666,0.7003306995562033
img_000621.jpg,train,0.4626308454094863,0.43747812919442763,0.7028203721895367
img_000622.jpg,train,0.5526107844526624,0.40894048436597014,1.0
img_000623.jpg,train,0.6231107059253193,0.6222165176686776,0.62552098229376
img_000624.jpg,train,0.683751776899259,0.635797555085353,0.8741384102296004
img_000625.jpg,train,0.5041388394613616,0.4126952198600544,0.5951948456625697
img_000626.jpg,train,0.3886614556405427,0.40958519539860855,1.0
img_000627.jpg,train,0.47710734514485925,0.4600114417992491,0.7125356393876888
img_000628.jpg,train,0.6943658677627261,0.71327192028726,0.8067986704045532
img_000629.jpg,train,0.4754698394864539,0.41667640618904417,0.7796975467496415
img_000630.jpg,train,0.6901771967393397,0.37098676472995784,1.0
img_000631.jpg,train,0.42470082660852304,0.5374065446127566,0.9011029861803512
img_000632.jpg,train,0.4469530964582907,0.7425493533676052,1.0
img_000633.jpg,train,0.44980825758908133,0.6486354809216436,0.7163862743458951
img_000634.jpg,train,0.7368898748752105,0.7501098424485731,0.6737005920290375
img_000635.jpg,train,0.5654346763633761,0.6911981297292208,0.6245562533678626
img_000636.jpg,train,0.5206362320451824,0.5816681286384334,1.0
img_000637.jpg,train,0.37330191623298353,0.47225844339809653,0.9880753917923082
img_000638.jpg,train,0.38724838389286403,0.6503971223379224,0.6678250467428692
img_000639.jpg,train,0.707721028479542,0.6420898332861986,1.0
img_000640.jpg,train,0.47094377694760176,0.38987742372695955,0.8647468075613695
img_000641.jpg,train,0.46582758489305115,0.4346278946967912,0.9175540964418079
img_000642.jpg,train,0.41824271488186077,0.5034774978438828,0.9994697394376195
img_000643.jpg,train,0.7116111553833294,0.693129148987987,0.8329574095082418
img_000644.jpg,train,0.6701887526611561,0.37816521575458584,0.7049866339420936
img_000645.jpg,train,0.7341292672303122,0.4437220685789634,1.0
img_000646.jpg,train,0.6447097944166246,0.4249498556256026,1.0
img_000647.jpg,train,0.7401239780273351,0.742421345429,0.8551061087741947
img_000648.jpg,train,0.6296577949592642,0.5439848374477342,0.5942338581529231
img_000649.jpg,train,0.4556101983067009,0.6285122888731194,0.8115522830338551
img_000650.jpg,train,0.6291706535232849,0.7205463148227563,0.6037862462611521
img_000651.jpg,train,0.5730062576888321,0.4612293214259737,1.0
img_000652.jpg,train,0.5957227579204732,0.5157583927969527,1.0
img_000653.jpg,train,0.4056324987295419,0.4508226808992452,1.0
img_000654.jpg,train,0.46739623494947935,0.5055695684407788,0.6411283639033832
img_000655.jpg,train,0.755504630737882,0.459133187407585,1.0
img_000656.jpg,train,0.5954155683535435,0.6877721169351294,0.6345550040900486
img_000657.jpg,train,0.36878861060735063,0.7260671027169834,0.9443169362922305
img_000658.jpg,train,0.3933698727403187,0.5195546359178409,0.6767379895984766
img_000659.jpg,train,0.5649752354786188,0.710770169371298,1.0
img_000660.jpg,train,0.4123709277819068,0.758822032832103,1.0
img_000661.jpg,train,0.4157288446690955,0.37977018318216,0.6052095667138324
img_000662.jpg,train,0.4694385478062733,0.5740983535377624,0.5963310748310796
img_000663.jpg,train,0.6560472127410398,0.7448970914273643,0.7803027347400739
img_000664.jpg,train,0.5779942753409303,0.38109993698627936,0.6516387455118805
img_000665.jpg,train,0.7063877762104472,0.5142380361892301,1.0
img_000666.jpg,train,0.48682333998632094,0.48669039968607003,0.7516103828388934
img_000667.jpg,train,0.7010405761190771,0.5702992640126644,0.8666522582264784
img_000668.jpg,train,0.6130054578006692,0.5726325280512929,0.8258139023953764
img_000669.jpg,train,0.38777346361892473,0.4284218581532766,0.8651817080343482
img_000670.jpg,train,0.4805515294539231,0.3768886292427567,0.7265516940844351
img_000671.jpg,train,0.4619281640029313,0.48810890388278877,1.0
img_000672.jpg,train,0.7570633954455291,0.690014652618624,0.8214903400983128
img_000673.jpg,train,0.4771013677318961,0.43863802328175644,0.9131504994011188
img_000674.jpg,train,0.5926785737641266,0.7523252568669273,1.0
img_000675.jpg,train,0.722332649923684,0.46394660740370863,0.8529148204382967
img_000676.jpg,train,0.6560944128139355,0.7728892579769262,0.6677455468936364
img_000677.jpg,train,0.5661930823476248,0.7379256449208486,0.7918585984892108
img_000678.jpg,train,0.3898952860931291,0.6792148813012334,0.9151914238722363
img_000679.jpg,train,0.43249294218322615,0.6774977956966413,0.9588152969762171
img_000680.jpg,train,0.3919041938741577,0.4745372266642103,0.7517223203755343
img_000681.jpg,train,0.681774221772708,0.38870757329572214,0.6778514633270529
img_000682.jpg,train,0.637539972212823,0.4265703340142955,1.0
img_000683.jpg,train,0.37140727181724315,0.5502634366381636,0.7369492958977897
img_000684.jpg,train,0.6808523039651697,0.6026004788565623,0.959777052590861
img_000685.jpg,train,0.4166375800764663,0.39785034410393055,0.696829363282142
img_000686.jpg,train,0.5736279096325988,0.7068848345545703,0.7580931793214102
img_000687.jpg,train,0.7755955223560034,0.7179381261705409,0.6786654393958005
img_000688.jpg,train,0.557251710444706,0.6113448043734618,0.9035394461096523
img_000689.jpg,train,0.5394546576466922,0.6384962326433926,1.0
img_000690.jpg,train,0.41815014703698034,0.456305681539196,0.7554032969612832
img_000691.jpg,train,0.42788419437930436,0.49278693387623934,1.0
img_000692.jpg,train,0.4154877856818559,0.5459626844247577,0.6900463483159186
img_000693.jpg,train,0.4585739616568209,0.6208169273918576,0.8928794173676435
img_000694.jpg,train,0.6483138612373253,0.5362579202846041,0.6904640684333222
img_000695.jpg,train,0.39120530875854137,0.6201242381816349,0.7417837746211373
img_000696.jpg,train,0.4114786562711146,0.5755452984549554,0.6781671985391711
img_000697.jpg,train,0.4041804413990704,0.6595209316073406,1.0
img_000698.jpg,train,0.3829103745254023,0.5079065780671864,0.7338594144350117
img_000699.jpg,train,0.5590199798363061,0.4674092305692974,0.6316634962133569
img_000700.jpg,train,0.6047987297989582,0.5969533800522614,0.8302056547011076
img_000701.jpg,train,0.5781907731534727,0.5795378868107187,0.6854476061658508
img_000702.jpg,train,0.695378495732239,0.6366342982536047,0.941592862884547
img_000703.jpg,train,0.527552260799386,0.3920388806731155,0.5984922043996291
img_000704.jpg,train,0.7493795368914432,0.48955109203750996,0.6305583848789102
img_000705.jpg,train,0.5438654750629638,0.7380571805217174,1.0
img_000706.jpg,train,0.5231938451650948,0.535232985968498,0.7948654428581919
img_000707.jpg,train,0.48471380463860686,0.4551940385701541,0.9887005582048469
img_000708.jpg,train,0.6130909629455553,0.40545976555244706,1.0
img_000709.jpg,train,0.58779750182727,0.5886618805421362,0.9784168033156221
img_000710.jpg,train,0.39797307806309234,0.4624116870144734,1.0
img_000711.jpg,train,0.6671339561357126,0.5142272655850623,0.657297841675824
img_000712.jpg,train,0.4208392612322296,0.40419754154477056,0.6951113991441271
img_000713.jpg,train,0.5355421795911671,0.5528645138383571,0.7731646512133759
img_000714.jpg,train,0.4704203096586885,0.5266219237699441,1.0
img_000715.jpg,train,0.3787636418190403,0.3781858369074335,0.6993136359967611
img_000716.jpg,train,0.38818368099568534,0.5925448843126989,0.9088390299825627
img_000717.jpg,train,0.5974958343159665,0.5305537510709458,0.7541007826945563
img_000718.jpg,train,0.6615780518187871,0.3939639747137556,0.5970761180915024
img_000719.jpg,train,0.3777980491831685,0.53643907557715,0.8679911443632177
img_000720.jpg,train,0.5619286235679053,0.7699586146857557,1.0
img_000721.jpg,train,0.7194772222190869,0.7716031681245257,0.8965468570048825
img_000722.jpg,train,0.45470002300406814,0.398947179950627,0.7619068415101014
img_000723.jpg,train,0.3907258215689688,0.7239056710096695,0.7526645634638238
img_000724.jpg,train,0.3876801008835364,0.43437739081026994,0.6135021210808907
img_000725.jpg,train,0.49456974020174904,0.6436587924673222,0.668622879063477
img_000726.jpg,train,0.7710360314182975,0.5470848399324818,0.7252536074455557
img_000727.jpg,train,0.6512534225842911,0.7328004366974995,1.0
img_000728.jpg,train,0.5253510926311452,0.4509261589247931,1.0
img_000729.jpg,train,0.5880828381193698,0.5466613794013612,0.7492272233222186
img_000730.jpg,train,0.40027659994963205,0.6995364261577689,0.6644669916259732
img_000731.jpg,train,0.5216072184609625,0.4682360648621886,1.0
img_000732.jpg,train,0.5900972429256813,0.5521270782998281,0.6972113282339762
img_000733.jpg,train,0.37420542245462657,0.4829702718153439,0.7587916848814318
img_000734.jpg,train,0.5021424991100983,0.4013735771459072,0.731199629607354
img_000735.jpg,train,0.4355856866054351,0.56999340956089,0.6746754668250954
img_000736.jpg,train,0.6231757836770412,0.49324149970700376,0.8133689490818231
img_000737.jpg,train,0.4201664647962886,0.3811009968300965,0.6578201968524976
img_000738.jpg,train,0.483067791411073,0.6793350294504238,0.9292825440163265
img_000739.jpg,train,0.7612248670141701,0.6107163242797036,0.6333773353783465
img_000740.jpg,train,0.658379165920938,0.5521773758507121,1.0
img_000741.jpg,train,0.7651604481947406,0.396377284345603,1.0
img_000742.jpg,train,0.5238632145115655,0.5469049978439812,0.7248448404365408
img_000743.jpg,train,0.6020673752128752,0.605606543854715,0.7178011237014743
img_000744.jpg,train,0.5595286072052806,0.5507903481358382,0.5961115763388217
img_000745.jpg,train,0.7349420484806871,0.7141136716575147,1.0
img_000746.jpg,train,0.4797583019445324,0.5473910589437793,1.0
img_000747.jpg,train,0.5248317010727354,0.672356476127472,1.0
img_000748.jpg,train,0.6662686446237996,0.5705553892054621,0.6100106924143295
img_000749.jpg,train,0.48808642345386993,0.5147832634673045,0.7880425643787493
img_000750.jpg,train,0.6838131059488077,0.7529378248486346,0.6222834811281489
img_000751.jpg,train,0.37653958461279213,0.5329857672169324,0.7521593566986323
img_000752.jpg,train,0.42190865355996204,0.736143822733379,0.8762779111673054
img_000753.jpg,train,0.6271463110594658,0.6888339228493591,0.6405549014464714
img_000754.jpg,train,0.6405055794980797,0.3736409926622506,0.9630906263062595
img_000755.jpg,train,0.7130757311295838,0.4376163394364097,0.6469082744777137
img_000756.jpg,train,0.6735561326247194,0.5653455559461431,1.0
img_000757.jpg,train,0.46799702644660207,0.6851345384750945,0.9302074777999898
img_000758.jpg,train,0.3821423367902,0.49212494617421515,0.6570530267526509
img_000759.jpg,train,0.6198643280114072,0.6471293586186709,0.9305554655954447
img_000760.jpg,train,0.4098836221508617,0.38744488407344635,0.9238225604922221
img_000761.jpg,train,0.5930562803247365,0.44722842250346284,1.0
img_000762.jpg,train,0.4221010562791669,0.3767048927536833,0.9722031192288071
img_000763.jpg,train,0.3887208946421528,0.5872132399748509,0.7474944239421801
img_000764.jpg,train,0.5640320751147018,0.7270012074204529,0.6434803485600202
img_000765.jpg,train,0.7665542716041926,0.41072925639845986,0.6026682479307011
img_000766.jpg,train,0.3829616856970322,0.43603355188336695,0.8010875492913583
img_000767.jpg,train,0.45314428231724185,0.6920493066985037,0.8968921054766431
img_000768.jpg,train,0.7737574135723858,0.5947126370831368,0.7044985219059547
img_000769.jpg,train,0.3879009303201569,0.4462428861825183,0.9419421968669032
img_000770.jpg,train,0.4564590227791177,0.561357774916842,0.6765866641327661
img_000771.jpg,train,0.4231018835744617,0.4438554831216104,0.7970857729537215
img_000772.jpg,train,0.474454050385871,0.7313603183511058,0.6596195523728794
img_000773.jpg,train,0.4800331736493136,0.6378879782155872,0.8750319466630639
img_000774.jpg,train,0.6378283972474087,0.39071784811623295,0.9358861428416111
img_000775.jpg,train,0.5194508265885683,0.7104801981362536,0.7022505878130393
img_000776.jpg,train,0.6205493846667856,0.5452241531283083,0.8998199486473313
img_000777.jpg,train,0.37642820393632714,0.6520713657998424,0.8749744161645968
img_000778.jpg,train,0.7126756534708517,0.4435414155348802,0.628700608662013
img_000779.jpg,train,0.40507785308317734,0.5490676456913087,0.9874794632531211
img_000780.jpg,train,0.5521595949822977,0.7096875394795807,0.740061579676778
img_000781.jpg,train,0.6695887752046557,0.5557830186796767,0.9444855764342116
img_000782.jpg,train,0.5083197011909312,0.5655783456484836,0.7285983683729377
img_000783.jpg,train,0.5807938754332991,0.6488729420760495,0.7562601486096647
img_000784.jpg,train,0.7245823041394561,0.5087553811937279,1.0
img_000785.jpg,train,0.5202086846957683,0.406238990904094,0.6226064855479345
img_000786.jpg,train,0.6202601097026053,0.6804465917220938,0.6404138167652511
img_000787.jpg,train,0.5529503739115071,0.6429569045296898,0.8209482174089674
img_000788.jpg,train,0.5191819973332924,0.7564449707347954,0.7703968947255647
img_000789.jpg,train,0.709845589829803,0.5748561249996138,1.0
img_000790.jpg,train,0.39580615061160085,0.3869133566235831,0.6508725612141909
img_000791.jpg,train,0.3952315015578464,0.7594248714079468,0.6678623826672181
img_000792.jpg,train,0.4529270386586952,0.7772684042648508,0.726251632962835
img_000793.jpg,train,0.7474063769082561,0.679490270768989,0.8387123915443433
img_000794.jpg,train,0.516282081261227,0.7015309958067227,0.8216394127839998
img_000795.jpg,train,0.5385285466576611,0.3730680618383058,0.600296140414793
img_000796.jpg,train,0.6530596773903347,0.5636383017804066,1.0
img_000797.jpg,train,0.5851262379181946,0.5793456574406134,0.6265401908982099
img_000798.jpg,train,0.5210506497557107,0.5477527140073266,0.6421019148566183
img_000799.jpg,train,0.7611210868991066,0.4453780709666235,0.8514370566664126
img_000800.jpg,train,0.626707040723261,0.7594693460812496,0.6594086870517988
img_000801.jpg,train,0.381264369017327,0.47338111288227447,0.8034479439411693
img_000802.jpg,train,0.6842120546487703,0.6571190055501795,0.8753038310186689
img_000803.jpg,train,0.41692330800718275,0.5583280178785636,0.9927359634397435
img_000804.jpg,train,0.4036088708471941,0.6816900992407824,0.9691466765642575
img_000805.jpg,train,0.5245702791872388,0.5634930854012675,0.6830045512211431
img_000806.jpg,train,0.7513922022859783,0.4548646014636309,1.0
img_000807.jpg,train,0.41587975934316884,0.6007507890671109,0.6072764143782796
img_000808.jpg,train,0.6127893707848643,0.5010131701803134,0.6120355200256932
img_000809.jpg,train,0.5927001228746537,0.6253988279698004,0.6570074199319186
img_000810.jpg,train,0.3837667826940658,0.42875798747150506,0.7157274637252832
img_000811.jpg,train,0.48415769729732494,0.4685855968288816,0.8124278762127802
img_000812.jpg,train,0.386024806602403,0.6107107517521823,0.6897284724267397
img_000813.jpg,train,0.6176439383767969,0.6343489260397335,0.7570951290978946
img_000814.jpg,train,0.7154637530942991,0.5976648206099023,0.7268823444939259
img_000815.jpg,train,0.40798242192416295,0.6294984150129009,1.0
img_000816.jpg,train,0.43811706223802727,0.4141382283096293,0.7001220143400032
img_000817.jpg,train,0.633373164083847,0.4161561601754378,0.6166087981212784
img_000818.jpg,train,0.6586862725958927,0.7761432461261596,0.8182645175608013
img_000819.jpg,train,0.7499298877617718,0.5145417705068511,1.0
img_000820.jpg,train,0.4439187028685492,0.5096994607210354,0.7945160890333064
img_000821.jpg,train,0.5263923294566082,0.5457437524850528,0.6289097207304428
img_000822.jpg,train,0.5785026518106396,0.5843991416952599,1.0
img_000823.jpg,train,0.49485497786079885,0.3879499626135652,1.0
img_000824.jpg,train,0.41346460910264815,0.4841744682031261,0.9194255227921936
img_000825.jpg,train,0.7712468679338326,0.5455853157722457,0.6860169037665546
img_000826.jpg,train,0.7418148896766844,0.5205259796246294,1.0
img_000827.jpg,train,0.4333626142766245,0.39096696298383043,1.0
img_000828.jpg,train,0.6227355902668034,0.6094038134146899,0.7072803051778396
img_000829.jpg,train,0.47161691697970304,0.6444265973640794,0.7102883459567156
img_000830.jpg,train,0.591109640194947,0.6469923036733376,1.0
img_000831.jpg,train,0.6948592008672446,0.46214041286293517,0.829105121392892
img_000832.jpg,train,0.3705230432895725,0.3850736828834475,0.7942286755036716
img_000833.jpg,train,0.44075981021539307,0.4533762626391307,0.9682777929934705
img_000834.jpg,train,0.4785658598131611,0.6688200415569204,0.6375031665207207
img_000835.jpg,train,0.4870437979404045,0.6490607916024235,0.7835723848760776
img_000836.jpg,train,0.6531189083106909,0.5685519652792315,1.0
img_000837.jpg,train,0.4258152472379435,0.4349083157666686,0.6077745026675584
img_000838.jpg,train,0.534150776734219,0.673398414934995,0.8014563329288004
img_000839.jpg,train,0.5857582767162087,0.38872161405857586,0.6163425483342074
img_000840.jpg,train,0.6227871961804237,0.5230789028537225,1.0
img_000841.jpg,train,0.5272408286496407,0.3909354664865954,0.8293704194898622
img_000842.jpg,train,0.533626313318913,0.7398132635975426,0.7912347734489641
img_000843.jpg,train,0.4498184009228468,0.37881939757415567,0.9216400707167125
img_000844.jpg,train,0.7623193251827529,0.5226498984592154,0.9061285355732531
img_000845.jpg,train,0.47648916270044844,0.44704296320788295,0.6446296339664113
img_000846.jpg,train,0.3864340972994378,0.7550820244358536,1.0
img_000847.jpg,train,0.4983821968008697,0.7435524231983449,1.0
img_000848.jpg,train,0.37232124035252107,0.7620850061662505,0.7501789655130163
img_000849.jpg,train,0.3970379557929185,0.7617756945700301,0.6390235570105063
img_000850.jpg,train,0.6319826844782633,0.5839692583084144,1.0
img_000851.jpg,train,0.7235028256826044,0.5883632816593504,0.6304164519702629
img_000852.jpg,train,0.6497665310208588,0.5891981596928207,0.614571167821942
img_000853.jpg,train,0.7646333580607941,0.6195759410659768,1.0
img_000854.jpg,train,0.6063017921087543,0.46383732304271624,1.0
img_000855.jpg,train,0.613662229635282,0.6574020175297818,0.8637554824902326
img_000856.jpg,train,0.3892187127156486,0.43849448199572355,0.784839614436013
img_000857.jpg,train,0.6522341180666188,0.6039908723082,0.7856407317957421
img_000858.jpg,train,0.4253239245400575,0.37061157176877196,1.0
img_000859.jpg,train,0.48758353367014023,0.4258585316715613,0.6196463405185838
img_000860.jpg,train,0.5105798796174971,0.37284869366153695,1.0
img_000861.jpg,train,0.5071821900456709,0.3819618082341984,0.6324939644641351
img_000862.jpg,train,0.4468657924907675,0.38603139457597724,0.6851408445956293
img_000863.jpg,train,0.6428071397737383,0.4482999463588568,0.9852729068328974
img_000864.jpg,train,0.4111106094546432,0.42473642908442094,0.8468943583991331
img_000865.jpg,train,0.6739672433484065,0.5347767252841944,0.7744042914773956
img_000866.jpg,train,0.5008325263506644,0.6735828050938658,0.7778013769168127
img_000867.jpg,train,0.7550107319788998,0.4572361994945142,0.6579651818032493
img_000868.jpg,train,0.41161861478921,0.6230941587700259,0.946548787634949
img_000869.jpg,train,0.4393522644586823,0.6718144598803876,0.8212436578671181
img_000870.jpg,train,0.374558707579677,0.6148969700996071,1.0
img_000871.jpg,train,0.3964146160797952,0.4223122130504051,1.0
img_000872.jpg,train,0.5353449952488911,0.721082503992938,0.6676668913925885
img_000873.jpg,train,0.7069169200008981,0.3754056541866507,0.7290155549481674
img_000874.jpg,train,0.577301748648734,0.41931179340915925,0.6900812999136166
img_000875.jpg,train,0.40898476568618847,0.5715304498920478,0.6118415406520092
img_000876.jpg,train,0.43411440237976073,0.5669613701285036,0.8202019461479635
img_000877.jpg,train,0.389156214294498,0.4517933731378722,0.8361724963009907
img_000878.jpg,train,0.4097826714244192,0.4199800490396021,0.6423553897858701
img_000879.jpg,train,0.41574546403850626,0.5105282791436708,0.7347162077368145
img_000880.jpg,train,0.4229973703961775,0.4648037840229187,0.6180880989643852
img_000881.jpg,train,0.48270030727792373,0.5685228840454942,0.9868850362760921
img_000882.jpg,train,0.5641496285032819,0.5187044238237265,0.828864058132023
img_000883.jpg,train,0.6551237167756528,0.6229966861695971,0.7913163887406086
img_000884.jpg,train,0.46245428754925894,0.4496983536960661,0.6437801670451015
img_000885.jpg,train,0.5637496140129371,0.3951799572226822,0.5884930419465473
img_000886.jpg,train,0.4940921117327459,0.5656682959092633,0.8880353067549625
img_000887.jpg,train,0.6735397255766934,0.4037814584804608,0.9520586068915755
img_000888.jpg,train,0.5083491634919106,0.48387468603425915,0.6194598443416154
img_000889.jpg,train,0.6933201661349945,0.44317271023019816,0.6922963084675413
img_000890.jpg,train,0.5706748390502415,0.4648270436021604,0.9469001294365542
img_000891.jpg,train,0.4688852890262079,0.5375528779953981,0.9225679163092689
img_000892.jpg,train,0.6630361632280243,0.6764884854016439,0.7117824125753391
img_000893.jpg,train,0.44472458097647466,0.5672314591488385,1.0
img_000894.jpg,train,0.5380749298338706,0.5569464429034863,1.0
img_000895.jpg,train,0.4057693899760563,0.5238924757765634,1.0
img_000896.jpg,train,0.4460224277142307,0.43969225595841294,0.620467066536559
img_000897.jpg,train,0.6351157162346867,0.6172067582179652,0.7809973270821514
img_000898.jpg,train,0.6672097551775874,0.45192994180305623,0.7834040674901228
img_000899.jpg,train,0.4771027709137319,0.6186205216114654,0.9216250977485896
img_000900.jpg,train,0.406156276584784,0.49736673477450905,0.7317324061672463
img_000901.jpg,train,0.4091622978122255,0.45548524378410055,0.8936260798339293
img_000902.jpg,train,0.6880590259124871,0.43980583675464907,0.7272331732604451
img_000903.jpg,train,0.5744451525097501,0.3945089777609773,0.9887908040505229
img_000904.jpg,train,0.42743965088783,0.37819705156910155,0.7516286897370389
img_000905.jpg,train,0.5197623472286699,0.41971397137280403,0.7694298894788811
img_000906.jpg,train,0.5281486382530197,0.5217229232447376,0.9716050496414337
img_000907.jpg,train,0.5494303344350127,0.4201610408923817,0.6551202490505029
img_000908.jpg,train,0.466551676766656,0.5840252255942858,0.8298371285961436
img_000909.jpg,train,0.7769722430074485,0.36959990211824795,0.7558403781272554
img_000910.jpg,train,0.43707469843972646,0.4121666529329919,0.9671485808486423
img_000911.jpg,train,0.5067118264351582,0.3899296444388371,0.6401739405430743
img_000912.jpg,train,0.5675937123398261,0.42415308706145155,0.6077951433513717
img_000913.jpg,train,0.5455082372664557,0.5997877911053852,0.7025332067456939
img_000914.jpg,train,0.5978420649631239,0.6303718273283141,0.7162730251923539
img_000915.jpg,train,0.43768138656290007,0.48500147631583257,0.7506331829934387
img_000916.jpg,train,0.496254567838786,0.43632516959629025,0.9069079181093838
img_000917.jpg,train,0.6368255707902776,0.411746036257225,1.0
img_000918.jpg,train,0.39937020532630535,0.4314808665914243,0.8755664401521638
img_000919.jpg,train,0.7625151044998174,0.4628925276554868,0.7978288228754298
img_000920.jpg,train,0.5318611019586764,0.3723815601883693,0.7134039167286617
img_000921.jpg,train,0.40562306026404676,0.4157666575108963,0.6520160942270679
img_000922.jpg,train,0.5400451362562357,0.7340228258562888,1.0
img_000923.jpg,train,0.5173579385167568,0.4848474026416123,0.7482003627061853
img_000924.jpg,train,0.4394192545067206,0.3838018498406807,1.0
img_000925.jpg,train,0.6330494929561263,0.4477378429059389,0.698641197005856
img_000926.jpg,train,0.5135575674348466,0.38777387564427573,0.8935340029507872
img_000927.jpg,train,0.3714173785344343,0.43668260223713623,0.9099584663818447
img_000928.jpg,train,0.7464781356494402,0.5127057358010423,0.8677010072390071
img_000929.jpg,train,0.7726684777578318,0.45510447490092637,0.8983805062112947
img_000930.jpg,train,0.5784979162409094,0.6448324587804436,1.0
img_000931.jpg,train,0.6316227582221218,0.3808591537173676,0.6165766663380654
img_000932.jpg,train,0.7488956209772867,0.40049848242657243,1.0
img_000933.jpg,train,0.5985873797874025,0.412470818289695,0.7271631270582903
img_000934.jpg,train,0.6136901012071604,0.4003252065403968,1.0
img_000935.jpg,train,0.49792572485396464,0.40997428666391506,0.7360905079384548
img_000936.jpg,train,0.7701790222930837,0.41736642434950966,0.9009314753058675
img_000937.jpg,train,0.37637516184771425,0.4398752464937041,0.75156343000539
img_000938.jpg,train,0.40166617039970376,0.44318072931676805,0.7198200921203954
img_000939.jpg,train,0.45947364465313534,0.7612675582268608,0.7978521272099407
img_000940.jpg,train,0.5538872399290389,0.7167904860204072,0.6229213220193397
img_000941.jpg,train,0.6260232418061702,0.5997571886204199,0.7900515213097365
img_000942.jpg,train,0.5616534372638644,0.6524906088155866,0.6166968121359928
img_000943.jpg,train,0.6514335795638925,0.44750384992021397,0.8270749711212396
img_000944.jpg,train,0.5755918840946536,0.4877049329587675,0.644783269277123
img_000945.jpg,train,0.3972948341066755,0.5422868432577371,0.9339958857020683
img_000946.jpg,train,0.46705155701812834,0.373051181325956,0.808496614040824
img_000947.jpg,train,0.47183062153642535,0.47733371514641326,0.6851094406829809
img_000948.jpg,train,0.49874232809935687,0.38537854594808413,1.0
img_000949.jpg,train,0.699208673700397,0.6737784919266349,0.6456798155745062
img_000950.jpg,train,0.754118039301284,0.3685828863704244,0.6484265391157314
img_000951.jpg,train,0.5863982156627977,0.6249842115521163,0.7642778751043314
img_000952.jpg,train,0.752597117451821,0.5833131701817563,0.888037777766809
img_000953.jpg,train,0.5799998926461724,0.4925297594205311,0.6652364594806013
img_000954.jpg,train,0.3885683391502412,0.6292551774394605,0.9120615317237438
img_000955.jpg,train,0.5506781198656702,0.403167958606973,0.6742285472781959
img_000956.jpg,train,0.752655843208817,0.7338555518475439,0.8317390663214261
img_000957.jpg,train,0.40558585959811805,0.47492109860383663,0.6415477905534493
img_000958.jpg,train,0.48080990394433654,0.5247496804042161,0.6209162215331421
img_000959.jpg,train,0.6464932247267278,0.560881728410097,0.5952564386078933
img_000960.jpg,train,0.3693379376416859,0.3901473646856095,0.6059038228581128
img_000961.jpg,train,0.5489914290163579,0.42102934466248926,0.8326788190082752
img_000962.jpg,train,0.6028995846891506,0.6621465981146276,0.8246846409839599
img_000963.jpg,train,0.7687623759053391,0.4160704894164007,0.672612897439533
img_000964.jpg,train,0.5378156966082542,0.46392995454200275,0.7234440791586673
img_000965.jpg,train,0.7063453297437655,0.5560138109923889,0.6525302137266851
img_000966.jpg,train,0.735627800007764,0.5671041925758584,0.9804402735021479
img_000967.jpg,train,0.4884815206806817,0.7368337543332385,0.899080537978534
img_000968.jpg,train,0.39345506190833096,0.6117629641792255,0.7532826913866174
img_000969.jpg,train,0.6402390418219253,0.4443618895124512,0.8179655605673296
img_000970.jpg,train,0.5307965065214749,0.72361658796726,0.6090591070160166
img_000971.jpg,train,0.37997438861169774,0.6836641352255451,0.8249244953897953
img_000972.jpg,train,0.6089517486525926,0.7018721497821496,1.0
img_000973.jpg,train,0.374911764794148,0.5388572073157377,0.6310365500220585
img_000974.jpg,train,0.3686638460947445,0.5133916867421152,0.9386747000239465
img_000975.jpg,train,0.6442836674064799,0.4400211249284727,0.6320198262501548
img_000976.jpg,train,0.6298658618640592,0.7195451584113814,0.9796369536492735
img_000977.jpg,train,0.3893285440318584,0.3737793713847474,0.8530170081849681
img_000978.jpg,train,0.6825327393688476,0.6531462182901349,0.8324452458461571
img_000979.jpg,train,0.536157256200672,0.46154354821868715,1.0
img_000980.jpg,train,0.4268853396443215,0.5079885638248295,0.8786951220918102
img_000981.jpg,train,0.5043400244627433,0.419019367823992,0.6469025709276187
img_000982.jpg,train,0.6600862269713978,0.5875030751346166,0.6329203939095784
img_000983.jpg,train,0.5534946618484246,0.7393862915222565,0.8977645516066542
img_000984.jpg,train,0.416192742569413,0.759419464769776,0.9348557167173736
img_000985.jpg,train,0.7214131142656143,0.43569421729085694,0.9851649888353643
img_000986.jpg,train,0.49004959840385903,0.5894993422023694,0.8028408001811134
img_000987.jpg,train,0.5075677588435021,0.41738983913751415,0.6383684903746036
img_000988.jpg,train,0.6411761801031098,0.42026126008676207,0.6116655412496901
img_000989.jpg,train,0.7040360579681567,0.6738268980561576,1.0
img_000990.jpg,train,0.6406500144920484,0.4763147031297306,0.8316623375762592
img_000991.jpg,train,0.5690461789668606,0.47714315805281265,0.6829215386174579
img_000992.jpg,train,0.6053883644941934,0.541219935029085,0.8058407948074913
img_000993.jpg,train,0.6599199812493617,0.5855167745147605,1.0
img_000994.jpg,train,0.7120335947083795,0.6166614590698295,0.7478043050763034
img_000995.jpg,train,0.503864125974725,0.5668943393027109,0.6238747408542632
img_000996.jpg,train,0.6663224395164175,0.5880142482584199,0.6951713026473252
img_000997.jpg,train,0.5299522234727342,0.5641473905307026,0.6936680744938076
img_000998.jpg,train,0.7630214728091552,0.6015639048218621,0.7608959796503948
img_000999.jpg,train,0.42967718054762516,0.5077957745284367,0.7958178422537723
img_001000.jpg,train,0.49300623079965433,0.37910700686001464,0.7919623551868473
img_001001.jpg,train,0.4752053691940749,0.4252023018440075,0.7350964612473141
img_001002.jpg,train,0.566814778100963,0.4796569158551279,1.0
img_001003.jpg,train,0.4040696549451355,0.7653157837900196,1.0
img_001004.jpg,train,0.6107621129444606,0.5311548740858562,0.7699539067070806
img_001005.jpg,train,0.5928943051059475,0.5716299489669864,0.9508479342491697
img_001006.jpg,train,0.40302246964104027,0.5488162938964806,0.690855114311245
img_001007.jpg,train,0.49687463695382855,0.407755826014891,0.7055387031329621
img_001008.jpg,train,0.5803598785802836,0.6403172820337538,0.6871257785407082
img_001009.jpg,train,0.5480577320227725,0.7525653349646171,0.7496375539991964
img_001010.jpg,train,0.7294852790148377,0.7669080811054273,0.6977994862868632
img_001011.jpg,train,0.3805639329697163,0.45285924721807724,1.0
img_001012.jpg,train,0.4977285448905415,0.5916680303317196,0.8799141437579534
img_001013.jpg,train,0.4358854569807142,0.5098762412157934,0.8513677577669038
img_001014.jpg,train,0.5732823846637337,0.4248142671932225,0.859630422624609
img_001015.jpg,train,0.481349550172321,0.7208775917233091,0.5999962868411166
img_001016.jpg,train,0.5119991722482437,0.39948178002918927,0.7392852876246284
img_001017.jpg,train,0.6176529278133579,0.7505419566257507,0.8084233022368029
img_001018.jpg,train,0.4239222119799888,0.44198162333572766,0.9990216925073684
img_001019.jpg,train,0.5928055866032921,0.41726173287308166,1.0
img_001020.jpg,train,0.5044904154749198,0.3745402038491458,0.7784732033785421
img_001021.jpg,train,0.7432681150162933,0.4733255077090089,1.0
img_001022.jpg,train,0.5172775828661332,0.41086414103768565,0.8673618090706852
img_001023.jpg,train,0.608103698413732,0.42882310675287477,0.7566286153438637
img_001024.jpg,train,0.3723804107701503,0.5512297044889206,0.6248967554530951
img_001025.jpg,train,0.5732513940348568,0.42877251316607845,0.6224903160536633
img_001026.jpg,train,0.47260972440144533,0.5003686746575092,0.9484457741965179
img_001027.jpg,train,0.6265968431000345,0.6817621134898121,0.8071333419349255
img_001028.jpg,train,0.6444739847066198,0.4549350187116385,0.6014913041210962
img_001029.jpg,train,0.5764229390168921,0.3866013041844238,0.5978857723781191
img_001030.jpg,train,0.4825388283172119,0.6423111689500307,0.5943539143281701
img_001031.jpg,train,0.5369597885805736,0.39930248383263267,0.8096015786933243
img_001032.jpg,train,0.4795006376415774,0.615438759063942,0.9470444988663668
img_001033.jpg,train,0.5612446724413093,0.6059922833781891,1.0
img_001034.jpg,train,0.540864309152909,0.4713858486026285,0.8883817866001201
img_001035.jpg,train,0.46836231673151413,0.4468496971732187,0.964244879914435
img_001036.jpg,train,0.757874985637323,0.5890906279985302,0.6283759198291887
img_001037.jpg,train,0.5390203070402327,0.7107640180575188,0.6635129356270191
img_001038.jpg,train,0.37313752299908964,0.3702132303927777,0.7585705570877674
img_001039.jpg,train,0.7280889062142083,0.4369954548773176,0.6528535013691241
img_001040.jpg,train,0.648350598984211,0.47281787160857824,0.7921136344244462
img_001041.jpg,train,0.6134103031257149,0.5037945124393325,0.592168721375005
img_001042.jpg,train,0.6171440660534078,0.4321344688738318,0.7926799107218169
img_001043.jpg,train,0.533110230719522,0.4909334772508629,0.9036742931585721
img_001044.jpg,train,0.4164491362912073,0.3969037358401069,0.9093185908467842
img_001045.jpg,train,0.540433274363027,0.41203528817111845,0.68891543756688
img_001046.jpg,train,0.5494550448506144,0.6744405136987743,0.7750759089714335
img_001047.jpg,train,0.5869506138183188,0.7706645120267342,0.664882930910131
img_001048.jpg,train,0.45597823754000677,0.4436583535197503,0.6370545706935403
img_001049.jpg,train,0.7669115401279472,0.4370609374165542,1.0
img_001050.jpg,train,0.7492993416260422,0.44630227556395646,0.624504809684982
img_001051.jpg,train,0.6312930299317027,0.517517503269585,0.8227566190484218
img_001052.jpg,train,0.45540747457884656,0.5574326388436665,0.6519294132623868
img_001053.jpg,train,0.39571767306221517,0.5843320770718203,0.8380683618884575
img_001054.jpg,train,0.40024878969677574,0.5051523362357412,0.992796950403611
img_001055.jpg,train,0.3874940696494549,0.4193596383150058,0.6153135054714651
img_001056.jpg,train,0.5840113279519197,0.5683982615179949,0.610343208537424
img_001057.jpg,train,0.5053261677235009,0.4786856599244184,0.6560027995828785
img_001058.jpg,train,0.7580254263871907,0.5986334165410764,1.0
img_001059.jpg,train,0.41394927081721383,0.6040198350196705,0.8871139682347361
img_001060.jpg,train,0.7006307047450089,0.43206628142384834,1.0
img_001061.jpg,train,0.7460158047341888,0.37499857386822066,0.6171154304857255
img_001062.jpg,train,0.4925807038406731,0.40544503815567073,0.6324791722635033
img_001063.jpg,train,0.7395143273008272,0.39949346902426,0.7032640270708473
img_001064.jpg,train,0.45322451837997885,0.5559564995178201,0.592617179422136
img_001065.jpg,train,0.567267319186581,0.6910993257884898,0.7886523905686058
img_001066.jpg,train,0.37204823178952057,0.5522342918398072,0.8968108304778513
img_001067.jpg,train,0.5630816507689721,0.3903687361386908,0.7909478558895991
img_001068.jpg,train,0.4433658294351493,0.6240643179489583,0.9126526593608139
img_001069.jpg,train,0.6533713508552553,0.416721625771214,0.6493580242521356
img_001070.jpg,train,0.7614929270741185,0.6197673448297,0.732171012474482
img_001071.jpg,train,0.7060388811636044,0.5832301504004285,0.6765254603568599
img_001072.jpg,train,0.4515949414778035,0.6607531255833109,0.646993248745636
img_001073.jpg,train,0.647281478415775,0.7630754986039002,1.0
img_001074.jpg,train,0.5137084556242518,0.4367980740692743,0.6049297441467153
img_001075.jpg,train,0.3839562023753807,0.44188081445105104,0.7432724378681616
img_001076.jpg,train,0.7553057377828359,0.4582818198817433,0.611619294376543
img_001077.jpg,train,0.6761622067111794,0.5689702664967355,0.8846803186549782
img_001078.jpg,train,0.5872382896970506,0.38081256828348486,0.9188779029624524
img_001079.jpg,train,0.4988949800855888,0.693857079838866,1.0
img_001080.jpg,train,0.4374016072534698,0.5885312360433846,0.65215411258374
img_001081.jpg,train,0.4868060418069417,0.4855537977155982,0.6603987416628091
img_001082.jpg,train,0.6614813162633335,0.39152083700669077,0.9258453726849306
img_001083.jpg,train,0.6935589870987703,0.7684578420081847,1.0
img_001084.jpg,train,0.48617266957961897,0.5100428308731049,0.8880309917519721
img_001085.jpg,train,0.4264989088703448,0.5663680291018341,1.0
img_001086.jpg,train,0.5232953915650415,0.4853459441510875,0.6390221987121334
img_001087.jpg,train,0.5864700032206374,0.3699595336582206,0.6672171535198839
img_001088.jpg,train,0.3773625269646825,0.46095022939700553,0.5942817624075415
img_001089.jpg,train,0.6562655260731329,0.5891931598934365,0.9085316502417651
img_001090.jpg,train,0.7402326894051733,0.5923964483930346,0.8094065968068902
img_001091.jpg,train,0.3774415745101936,0.41182538472982816,0.7044420700328013
img_001092.jpg,train,0.4562620381621163,0.4652497212954791,0.6019169632204275
img_001093.jpg,train,0.7382605718345351,0.7459072113173891,0.7770791425282548
img_001094.jpg,train,0.7309010167968742,0.7743371620197075,0.7582680401353136
img_001095.jpg,train,0.5234594124719174,0.6696454493115339,1.0
img_001096.jpg,train,0.40497377702717613,0.4870581675833141,1.0
img_001097.jpg,train,0.47422678440217175,0.6659646538301498,0.6809094383944193
img_001098.jpg,train,0.4989871523868746,0.5119778677323082,0.9809723460364811
img_001099.jpg,train,0.46677713596070386,0.5305518973843358,1.0
img_001100.jpg,train,0.6155168468278364,0.4755935786803791,0.7524298835106005
img_001101.jpg,train,0.41574035779246704,0.4820877892618422,0.7042655029332697
img_001102.jpg,train,0.5986046537301745,0.6427607271563299,0.8876208854144868
img_001103.jpg,train,0.6356980280806201,0.7684523823605794,0.7114330241670072
img_001104.jpg,train,0.39880580893672796,0.5721122827518969,0.7430642279036184
img_001105.jpg,train,0.5353744815086631,0.705367713521943,1.0
img_001106.jpg,train,0.3888342683166006,0.7349450980899642,0.6131630947651192
img_001107.jpg,train,0.5623894494566573,0.7276896669913467,1.0
img_001108.jpg,train,0.4321321938907083,0.7679050138857307,0.8736435998905029
img_001109.jpg,train,0.4832469726613297,0.46555396482993966,1.0
img_001110.jpg,train,0.43452182237117754,0.6189574816916439,0.7457950799341854
img_001111.jpg,train,0.636102797537805,0.7613172745913493,0.9446465238254961
img_001112.jpg,train,0.39165900429692285,0.7242546289703079,0.7222734333692746
img_001113.jpg,train,0.6266250882127159,0.545920623627057,1.0
img_001114.jpg,train,0.3930055431526685,0.4246438596529596,1.0
img_001115.jpg,train,0.7770206265649248,0.502323856238347,0.6632891733608312
img_001116.jpg,train,0.7089489945220914,0.5531983370975787,0.6165234115914277
img_001117.jpg,train,0.4971825420971501,0.5290932316096281,0.7587444050191864
img_001118.jpg,train,0.646640912382693,0.6459543879475026,1.0
img_001119.jpg,train,0.5319711996815258,0.7220123579780521,1.0
img_001120.jpg,train,0.5155887115466328,0.40503930246538494,0.5939647896029533
img_001121.jpg,train,0.43613866704926085,0.5328009101590467,0.7137130358909121
img_001122.jpg,train,0.5544113622622299,0.6889491178196955,0.6920672238839101
img_001123.jpg,train,0.4223532346591578,0.5714138602141264,0.6751469888376354
img_001124.jpg,train,0.4486444693398002,0.5189363966878556,0.6628199500836455
img_001125.jpg,train,0.5051768623856927,0.4413067211251794,0.6847448894380044
img_001126.jpg,train,0.43318280042663054,0.4640751907482783,1.0
img_001127.jpg,train,0.5883206325659719,0.5898098898673276,0.8830059158701994
img_001128.jpg,train,0.5129298575783318,0.5613103656660225,0.7149679968559223
img_001129.jpg,train,0.37870242898836376,0.5446028896101058,1.0
img_001130.jpg,train,0.500715968115844,0.5125539722179956,0.9268461474940275
img_001131.jpg,train,0.5639962689657746,0.5643357687349888,0.976511008041224
img_001132.jpg,train,0.595367383899716,0.43800893970056914,0.6160152784520546
img_001133.jpg,train,0.3995400212959394,0.5010660350135928,0.7674929073256279
img_001134.jpg,train,0.4110156307580331,0.47919311771775835,0.636393809903971
img_001135.jpg,train,0.5404181694765015,0.6869961597257904,0.7278757638078791
img_001136.jpg,train,0.505520907682994,0.5065538474397729,0.593234968589247
img_001137.jpg,train,0.41684864407758654,0.4074814439560657,0.7583856652120335
img_001138.jpg,train,0.5605916801095358,0.7373635887654607,0.922240637865956
img_001139.jpg,train,0.757905541090452,0.44034193449325043,0.935313674826326
img_001140.jpg,train,0.41435341530873576,0.5818217596507367,1.0
img_001141.jpg,train,0.3927481160301867,0.45662255375706673,0.7775396863222223
img_001142.jpg,train,0.5096194152075696,0.7131755355908367,0.6224564257400675
img_001143.jpg,train,0.5975135749547253,0.6114371109169817,0.9249404613280243
img_001144.jpg,train,0.6888184760771859,0.7029722503170445,0.6183003098070008
img_001145.jpg,train,0.5857804953322289,0.6877627569144619,0.9392502115771949
img_001146.jpg,train,0.663546066463497,0.38044947781653127,0.6903748532014822
img_001147.jpg,train,0.42528038474584307,0.7680276566143326,0.6723112111312555
img_001148.jpg,train,0.3942948015521425,0.5187992999425295,0.7011741510266739
img_001149.jpg,train,0.42594110546670355,0.7576535767439315,0.6326795513506869
img_001150.jpg,train,0.6327669305794753,0.7166428578754837,0.5996813528984688
img_001151.jpg,train,0.5863451239703327,0.6305829453476476,0.9859320643549657
img_001152.jpg,train,0.6505208500315094,0.47337008558911614,0.6076900161510439
img_001153.jpg,train,0.46950667297791454,0.6668193601929061,0.7012548644218244
img_001154.jpg,train,0.42983690308296624,0.5883982421695774,0.7271112827833043
img_001155.jpg,train,0.6549625249381568,0.5350654831467888,0.9077498326809764
img_001156.jpg,train,0.44407122919326286,0.44191632991970903,0.7355829165424009
img_001157.jpg,train,0.6608474169278207,0.5443845281434401,0.6551645577967081
img_001158.jpg,train,0.6109167978356557,0.5079219562063542,0.9108439431433769
img_001159.jpg,train,0.6494626265088536,0.4891660144110648,1.0
img_001160.jpg,train,0.6314910439171477,0.415046367039772,0.6565990166701314
img_001161.jpg,train,0.6164346827079159,0.5723147039709051,0.7019513512421891
img_001162.jpg,train,0.5873243884548404,0.7296101857804435,0.7240871871836864
img_001163.jpg,train,0.6203122443635746,0.565889531344955,0.8566500707698299
img_001164.jpg,train,0.41131096325899774,0.5565112087152385,0.7307858210097123
img_001165.jpg,train,0.7518144766651239,0.4224489200185908,0.6165852477223654
img_001166.jpg,train,0.462661299950997,0.4082964237738704,0.8365844892765217
img_001167.jpg,train,0.635990995615069,0.5152473147129583,0.7010701449532408
img_001168.jpg,train,0.46308787092177967,0.4451412109266415,0.9280646702452698
img_001169.jpg,train,0.6566815419903635,0.7540945482068305,1.0
img_001170.jpg,train,0.4208298687492258,0.45571150508199115,0.9336358573732473
img_001171.jpg,train,0.4805199480681419,0.5130057155981791,0.6137344755320179
img_001172.jpg,train,0.6935136122766505,0.4615286642505179,0.7350279182651815
img_001173.jpg,train,0.4467379228353969,0.7591379129641159,0.9504939228841214
img_001174.jpg,train,0.47375144832622124,0.528598959710265,0.6970530642791518
img_001175.jpg,train,0.5292267072067022,0.62383179150599,1.0
img_001176.jpg,train,0.7133459997696409,0.6367499894675072,0.9573623211946254
img_001177.jpg,train,0.5195389700373118,0.5150730322705283,1.0
img_001178.jpg,train,0.6072110330254311,0.5249120154002934,0.7349291521858301
img_001179.jpg,train,0.7730251035873453,0.3707035057160765,0.9603142692738431
img_001180.jpg,train,0.7520764846923272,0.4391511012531136,0.6403350898548416
img_001181.jpg,train,0.7721639834480922,0.5434558515909376,1.0
img_001182.jpg,train,0.6015330790685893,0.5318632725007056,0.9426387450361637
img_001183.jpg,train,0.6463974648919216,0.5207922490820972,0.6338294191644923
img_001184.jpg,train,0.45456309172314463,0.39425006001231216,1.0
img_001185.jpg,train,0.4503255656395315,0.42641839241413554,0.8655407913089952
img_001186.jpg,train,0.374233832807178,0.43491351673491147,0.5971171163533473
img_001187.jpg,train,0.6894160767747012,0.6560335078379845,0.6152934704984987
img_001188.jpg,train,0.3931011142135448,0.713842500677598,0.8559283124368191
img_001189.jpg,train,0.405899875035659,0.48981624273776153,0.875759202588051
img_001190.jpg,train,0.38284491845559526,0.7690536663983245,0.8725151899272486
img_001191.jpg,train,0.5843744182339696,0.6420678086802104,0.9180832284136721
img_001192.jpg,train,0.5346826495812471,0.4625429698216054,0.8372767172210277
img_001193.jpg,train,0.37753747863621195,0.5375335436434976,0.8040064425772512
img_001194.jpg,train,0.684291694996869,0.664039215019821,0.9604458897326602
img_001195.jpg,train,0.42487404870804646,0.6839093069323735,1.0
img_001196.jpg,train,0.3784475651183457,0.6743430713690864,1.0
img_001197.jpg,train,0.7758334740249132,0.6582097365479348,0.6176614599730014
img_001198.jpg,train,0.4698107886164906,0.37071489697126436,0.7860752201816136
img_001199.jpg,train,0.4172614997817914,0.6222160032028042,0.5990696070798437
img_001200.jpg,train,0.5975930716106759,0.6132904293693168,0.7265835786406275
img_001201.jpg,train,0.6978386452999681,0.41439878282280745,0.7351916219601827
img_001202.jpg,train,0.5884623186441638,0.7663785583358133,0.6697523883868398
img_001203.jpg,train,0.4860095894596446,0.6066516017755424,0.9989819911140857
img_001204.jpg,train,0.6935862665582126,0.7243900444398473,0.6057496164367601
img_001205.jpg,train,0.6751212229273968,0.7096739554908851,1.0
img_001206.jpg,train,0.7031969038013792,0.7114391922713871,0.6514389173408294
img_001207.jpg,train,0.5277143638992744,0.4791715925398803,0.7931274192417207
img_001208.jpg,train,0.6327840368041867,0.6164105985511026,0.7269028152991559
img_001209.jpg,train,0.40751449510600485,0.5896913141911456,1.0
img_001210.jpg,train,0.7029768236459956,0.4387243964586564,0.7319196415289876
img_001211.jpg,train,0.38317963165324304,0.7743344248997701,0.60039095324529
img_001212.jpg,train,0.544361482269342,0.41802702019596394,1.0
img_001213.jpg,train,0.4794163946628607,0.41598583306964637,1.0
img_001214.jpg,train,0.4756801678472227,0.6923420644600501,0.6939233516979499
img_001215.jpg,train,0.37514044916703765,0.5965616164408458,0.9091370646884823
img_001216.jpg,train,0.5039482768534497,0.43364632852992563,0.9113358048635144
img_001217.jpg,train,0.4943666524402193,0.5276100564913774,0.6138266473422535
img_001218.jpg,train,0.3843904069596471,0.6256866262544117,0.9118636713120319
img_001219.jpg,train,0.5541629467406519,0.6794215787721508,1.0
img_001220.jpg,train,0.6588261252308536,0.6812910228210244,0.6543453923872614
img_001221.jpg,train,0.4999252865069444,0.5166855165032073,0.634840105411173
img_001222.jpg,train,0.5438888924066555,0.3805459215079356,0.8684844366381482
img_001223.jpg,train,0.6113353295809603,0.5031728283329612,0.7043105378659413
img_001224.jpg,train,0.5951384485878322,0.4337407518599976,0.7684764220629308
img_001225.jpg,train,0.718021336336168,0.3789035694107247,1.0
img_001226.jpg,train,0.4656079552316242,0.405775641254525,0.8336127908114703
img_001227.jpg,train,0.42224726131840534,0.5912956622037093,0.5974512669558409
img_001228.jpg,train,0.41825563702680046,0.5179851370513018,0.6388760296593469
img_001229.jpg,train,0.7155718177843501,0.5410567578491121,0.9243408137263438
img_001230.jpg,train,0.5203754472768041,0.5984611016402378,0.7356886009642157
img_001231.jpg,train,0.49463086315727917,0.7522298049118165,0.6148086818900753
img_001232.jpg,train,0.39691427893324677,0.41180217925873136,0.9041806451146878
img_001233.jpg,train,0.37661069947042575,0.6833421213628861,0.6568519306602162
img_001234.jpg,train,0.5223753338194789,0.4229477630666241,0.6813384862790675
img_001235.jpg,train,0.5352671380104952,0.385904819046713,0.6947784195283487
img_001236.jpg,train,0.7426712242572017,0.4537416129313819,0.9489078713661954
img_001237.jpg,train,0.38442481860559674,0.6674653950291031,0.8250779345520333
img_001238.jpg,train,0.6500328406310248,0.48168678478369903,0.8803433717157549
img_001239.jpg,train,0.6012951041859856,0.3775214328577848,0.9842594005117168
img_001240.jpg,train,0.5946746136985991,0.5268628468342819,1.0
img_001241.jpg,train,0.4038410335372385,0.43070508920360995,0.9013126718920516
img_001242.jpg,train,0.41309299296888424,0.46161077394141553,0.8528895912342249
img_001243.jpg,train,0.5497572044967515,0.40593540643227327,0.6276705874356606
img_001244.jpg,train,0.4421948014824233,0.7636883231166148,0.6590942814616523
img_001245.jpg,train,0.42629973141486294,0.6614577144619945,0.5940653009282199
img_001246.jpg,train,0.442937620989706,0.6955859814017461,0.8884069805717882
img_001247.jpg,train,0.5143498118644456,0.5334807269355908,1.0
img_001248.jpg,train,0.5008331474626554,0.47270435679417977,0.9526171757910856
img_001249.jpg,train,0.411997647595231,0.5783403693872611,0.6038849723630968
img_001250.jpg,train,0.724393231062833,0.5163446120428298,0.6142466552998617
img_001251.jpg,train,0.5049778773976402,0.528617870159417,0.8022150184558849
img_001252.jpg,train,0.38701176063154835,0.5719734583255738,0.93731084447151
img_001253.jpg,train,0.47884150005214376,0.5709748574681447,1.0
img_001254.jpg,train,0.6814629428736545,0.4600508331364381,0.8719248648746273
img_001255.jpg,train,0.3974265645948048,0.47813851941215013,0.8089546323440949
img_001256.jpg,train,0.38867698808556855,0.41968437720179547,0.8119830689271167
img_001257.jpg,train,0.6248781377882188,0.5255793742558089,1.0
img_001258.jpg,train,0.39120365616994013,0.7097022503128695,0.6608696110017718
img_001259.jpg,train,0.454095427526354,0.4660107481569555,0.8738641841292307
img_001260.jpg,train,0.6276897305829777,0.4232935881133115,0.6473871284816527
img_001261.jpg,train,0.40246657424640064,0.48301279431933475,0.7971147371545493
img_001262.jpg,train,0.4066192540112019,0.5262270996458303,0.710921299514067
img_001263.jpg,train,0.5024951587907122,0.5758832344784363,1.0
img_001264.jpg,train,0.4528541953446939,0.39183392261735356,0.7900590980696326
img_001265.jpg,train,0.42504822162542527,0.3773712049473499,1.0
img_001266.jpg,train,0.6000229900652508,0.6659521742500684,1.0
img_001267.jpg,train,0.38596689732952144,0.7258732638947366,0.8553923333123291
img_001268.jpg,train,0.4845613466631635,0.47535181433675683,0.7719588758069796
img_001269.jpg,train,0.4536503680410127,0.4569972766396284,0.5887358530181052
img_001270.jpg,train,0.6878572376021107,0.3922647493199804,0.6187650618333106
img_001271.jpg,train,0.3812986417044601,0.4246259741488738,0.9961764985650918
img_001272.jpg,train,0.4595082011123761,0.4533283335321072,0.6249681338675542
img_001273.jpg,train,0.6545568375870644,0.4357783238714072,1.0
img_001274.jpg,train,0.4256054957643259,0.5668893811316574,0.7851846388909143
img_001275.jpg,train,0.6127202175581191,0.597883733719644,0.8649592929714351
img_001276.jpg,train,0.7409165760813843,0.3927419989520679,0.6892031240829307
img_001277.jpg,train,0.6638480195521899,0.4458302622408077,0.8956811936442691
img_001278.jpg,train,0.6293713598685361,0.7361161538372908,0.6124522936038341
img_001279.jpg,train,0.4841522527040487,0.536464845487882,0.8693212858847225
img_001280.jpg,train,0.40662155601296207,0.4356393277413715,0.9534812939175178
img_001281.jpg,train,0.3854839083210509,0.4511250137462081,0.676676609587295
img_001282.jpg,train,0.482872738676011,0.4831874115531399,0.8331160171801023
img_001283.jpg,train,0.38409161182362306,0.5104519921174243,0.9255824129135534
img_001284.jpg,train,0.4153465439486501,0.4254318614966303,0.6310765297386682
img_001285.jpg,train,0.394061530271584,0.46064154748390723,1.0
img_001286.jpg,train,0.4240375175425763,0.7427992189553462,0.7258810276329594
img_001287.jpg,train,0.6732485151408781,0.7685787128495307,1.0
img_001288.jpg,train,0.40827044544603214,0.6250744581724059,1.0
img_001289.jpg,train,0.5828525048579674,0.6246123953468753,0.995640660877368
img_001290.jpg,train,0.4778825943606506,0.5886532824077908,0.9790837996372406
img_001291.jpg,train,0.5128994715766187,0.3836490826565182,0.7056846338355327
img_001292.jpg,train,0.48958240958001653,0.38129875325814844,0.8515377918785664
img_001293.jpg,train,0.5345811663193826,0.39446304499995977,0.7655995003632194
img_001294.jpg,train,0.6790204212233985,0.7506370575186664,0.9379225884815423
img_001295.jpg,train,0.3943613233496726,0.6946268103615298,1.0
img_001296.jpg,train,0.6359947772802622,0.5952449556189418,0.8789574050721356
img_001297.jpg,train,0.6488668416544444,0.7063334276850565,0.693582366704712
img_001298.jpg,train,0.5488653476350281,0.40113104814155626,1.0
img_001299.jpg,train,0.5416143819907835,0.39667361713050964,1.0
img_001300.jpg,train,0.6665630060482841,0.7600414757896908,1.0
img_001301.jpg,train,0.6847300542296009,0.4897788571579347,0.7121728969100811
img_001302.jpg,train,0.5391201834505615,0.4072329013673479,0.7636453753913188
img_001303.jpg,train,0.38005443069830686,0.5247932168422054,0.933290160688165
img_001304.jpg,train,0.6356261997968561,0.45351460984961944,1.0
img_001305.jpg,train,0.45208347835470225,0.4557179244434429,0.8565408911027528
img_001306.jpg,train,0.4173668093545874,0.43876283815064454,0.7177605871959235
img_001307.jpg,train,0.38595759848095695,0.6102615887232297,1.0
img_001308.jpg,train,0.3827565027772975,0.6469507343617485,0.5941629590565931
img_001309.jpg,train,0.6780550403245235,0.4717373655487302,0.6914360340259299
img_001310.jpg,train,0.5610953955494478,0.45844544069188603,0.6364209344273346
img_001311.jpg,train,0.4303692675577677,0.5632651703821682,0.9572298133971086
img_001312.jpg,train,0.7124286000362895,0.47529008170402304,0.7610030962361458
img_001313.jpg,train,0.5801916656649696,0.4249208989517011,0.615344883190211
img_001314.jpg,train,0.5133499963156402,0.611786988420803,1.0
img_001315.jpg,train,0.675995901553592,0.43595427475809617,0.9389660348782
img_001316.jpg,train,0.46542875546241325,0.6626183718758002,1.0
img_001317.jpg,train,0.6876186871813,0.6735941434808725,0.8182663028610613
img_001318.jpg,train,0.5969099955291463,0.4574396743078264,0.9736621856905965
img_001319.jpg,train,0.3699964558369744,0.44002972274456403,0.9321926512640594
img_001320.jpg,train,0.6637850082034746,0.7727275024190878,1.0
img_001321.jpg,train,0.45756317012524433,0.41500275944891757,0.7779373921317385
img_001322.jpg,train,0.6262658571289088,0.3896269126850993,0.8246509592508342
img_001323.jpg,train,0.7610110367120297,0.5991411684293978,0.8407848632895931
img_001324.jpg,train,0.6844479143073413,0.4563620148285386,0.6263598209128339
img_001325.jpg,train,0.47889701260239176,0.4422237217639952,0.6225856974666295
img_001326.jpg,train,0.578135290792114,0.395010313047013,0.8898827511088251
img_001327.jpg,train,0.5105410994126515,0.7598224961083516,0.6314058967978669
img_001328.jpg,train,0.42772521117800705,0.661044673747318,0.6602884392259878
img_001329.jpg,train,0.6229636419584413,0.6097000926846562,0.9179994748902893
img_001330.jpg,train,0.7594889297186679,0.7071429287066494,1.0
img_001331.jpg,train,0.623532351763176,0.775464427788739,0.8830158913968732
img_001332.jpg,train,0.6968916436536493,0.4522384735024896,0.5971965189619437
img_001333.jpg,train,0.40691900685673515,0.7713300599548121,0.8448344864113736
img_001334.jpg,train,0.7470471404269207,0.5829891265686903,0.716898797465451
img_001335.jpg,train,0.40446845113525515,0.6382040713268498,0.8402660306688331
img_001336.jpg,train,0.5732715165498686,0.6926624772979796,1.0
img_001337.jpg,train,0.539121538416235,0.6067332970283629,1.0
img_001338.jpg,train,0.6248188103923749,0.4747286477327564,0.6799518060774674
img_001339.jpg,train,0.751541083154221,0.43166326239582303,0.802001735360401
img_001340.jpg,train,0.6422174163134963,0.51836714535909,0.6434755747020318
img_001341.jpg,train,0.48271400104546913,0.7704336419684036,0.6391063454645416
img_001342.jpg,train,0.6048570389421338,0.4422287483395723,1.0
img_001343.jpg,train,0.5379529425793684,0.5180702331819722,1.0
img_001344.jpg,train,0.575826269633167,0.54206305429167,1.0
img_001345.jpg,train,0.5210656102656315,0.5923657936744032,0.743272385214339
img_001346.jpg,train,0.6390110123082383,0.5589468377716883,1.0
img_001347.jpg,train,0.6611700839089383,0.3891469623718818,1.0
img_001348.jpg,train,0.7067412875170849,0.40831485996900224,1.0
img_001349.jpg,train,0.4348147821723554,0.4556496230513079,0.6011888555716596
img_001350.jpg,train,0.44472919412196177,0.739718118882076,0.7275385971757274
img_001351.jpg,train,0.4242035522596052,0.5870315580467748,0.6306356139452332
img_001352.jpg,train,0.5178344158238267,0.5040651886688923,1.0
img_001353.jpg,train,0.37661909890641604,0.4044914941215225,0.811860333602642
img_001354.jpg,train,0.38451254913139127,0.7128950093016044,0.6527561156641981
img_001355.jpg,train,0.5101105586841866,0.5428780017895055,1.0
img_001356.jpg,train,0.6121639677484434,0.6306217300087741,0.7911550123716176
img_001357.jpg,train,0.43237229685263445,0.4761369026080395,0.9607076410410967
img_001358.jpg,train,0.5749024616152889,0.6818921526473445,0.682225966389572
img_001359.jpg,train,0.3852144822544525,0.5523207883592031,1.0
img_001360.jpg,train,0.5312967475383717,0.4395819239516923,0.9621523077064067
img_001361.jpg,train,0.49280382063086253,0.44633044657246224,0.8144358561000039
img_001362.jpg,train,0.5634488642684876,0.6664786905979554,0.7587245398748963
img_001363.jpg,train,0.4917562219736147,0.48322775975650484,1.0
img_001364.jpg,train,0.3924436860672989,0.46914551830137824,0.6850606611496207
img_001365.jpg,train,0.6100357968709357,0.46567393266903406,1.0
img_001366.jpg,train,0.547353785582538,0.5009054677112524,0.6683051455615716
img_001367.jpg,train,0.587980906306588,0.7122758903635544,1.0
img_001368.jpg,train,0.5055987396407033,0.6878896486475491,1.0
img_001369.jpg,train,0.37056187930545476,0.6656812016907868,0.6289030152200964
img_001370.jpg,train,0.40416295576564015,0.4825705210983188,0.7084899703990446
img_001371.jpg,train,0.5185257471939532,0.7502438053788528,0.7527550442322041
img_001372.jpg,train,0.5398548032832386,0.4495234360120873,0.9922908618319969
img_001373.jpg,train,0.6560974677432015,0.5160594603736843,0.766631509501554
img_001374.jpg,train,0.5824320430601938,0.43789963750858735,0.7534925110570055
img_001375.jpg,train,0.6571631804183128,0.49192396130531507,0.7367674272584902
img_001376.jpg,train,0.5241677623505842,0.7031210536518039,0.9304276650021365
img_001377.jpg,train,0.441899712855301,0.4846581155111463,0.9995202296782479
img_001378.jpg,train,0.6176382932870327,0.39867777574700575,0.8744389868796459
img_001379.jpg,train,0.6412901616925666,0.6460809337389145,0.6356605726222908
img_001380.jpg,train,0.41002615561447014,0.6341033784913229,1.0
img_001381.jpg,train,0.6030857128962704,0.5389298705247371,0.8043239434489768
img_001382.jpg,train,0.5551409181589922,0.630422137860197,0.5951883158227477
img_001383.jpg,train,0.46884750991906765,0.428821369754883,0.9364863615996922
img_001384.jpg,train,0.46291694924562554,0.5625942261142907,0.9307819325800292
img_001385.jpg,train,0.602226098714178,0.6662663079715249,0.8822467948296735
img_001386.jpg,train,0.4071332060842116,0.532954020623166,0.8584164059301284
img_001387.jpg,train,0.5630203950146369,0.39615367469057317,1.0
img_001388.jpg,train,0.5225246726009755,0.6605944872631014,1.0
img_001389.jpg,train,0.4896304061732734,0.7179531431858845,1.0
img_001390.jpg,train,0.4557278611900652,0.5277064453945347,1.0
img_001391.jpg,train,0.45953806369870165,0.5429975578022254,0.9281210978385349
img_001392.jpg,train,0.5168571827875746,0.6258076496068828,0.6877297357336065
img_001393.jpg,train,0.4118994350864063,0.4117188037709035,0.7170844448872202
img_001394.jpg,train,0.37652657057501776,0.6824296287102197,0.754944475012177
img_001395.jpg,train,0.5827343044936272,0.5022521777821156,1.0
img_001396.jpg,train,0.7432029731696964,0.6087939860433068,1.0
img_001397.jpg,train,0.5455077358334619,0.7384938200888698,0.7369528852976783
img_001398.jpg,train,0.695340810491496,0.6503664502530305,0.8517585395846885
img_001399.jpg,train,0.6501734943320382,0.44806677697593766,0.9315724874591725
img_001400.jpg,train,0.4453289952264668,0.6308323511314681,0.6234496007098143
img_001401.jpg,train,0.6147166135279888,0.6064189002939474,0.9121760241974692
img_001402.jpg,train,0.502423922637863,0.41985502056963275,1.0
img_001403.jpg,train,0.7742261931334369,0.4329021043542773,1.0
img_001404.jpg,train,0.6866386546239815,0.5465525986707557,1.0
img_001405.jpg,train,0.40562126493611306,0.63372034573172,1.0
img_001406.jpg,train,0.3859248058164315,0.4175254127823001,0.6908318831002926
img_001407.jpg,train,0.44707822436837974,0.6070618085990395,0.705028353310274
img_001408.jpg,train,0.7510813802489311,0.3688967660871785,0.9186221651171601
img_001409.jpg,train,0.6597392154021589,0.39875310788383916,0.7553227776927227
img_001410.jpg,train,0.41980357587306943,0.6645371844333957,0.6708540909647839
img_001411.jpg,train,0.3813386753445595,0.49134095902307573,0.7726095241846811
img_001412.jpg,train,0.4065252137674656,0.45597927943572847,0.8996726579318755
img_001413.jpg,train,0.48318300231905803,0.7439269162416359,0.6747254103399654
img_001414.jpg,train,0.39338126476655794,0.4799800523480773,0.6091127454075702
img_001415.jpg,train,0.6971528828556188,0.5114246357907043,0.593180334191716
img_001416.jpg,train,0.6241899924995401,0.6246032828513259,0.7272476056810528
img_001417.jpg,train,0.7226968948878567,0.5320952681922724,0.8521525014787342
img_001418.jpg,train,0.4883091637540873,0.45024324270640514,0.9436764570539895
img_001419.jpg,train,0.4117489472427159,0.598929130329111,0.8986273764134938
img_001420.jpg,train,0.5011128506022401,0.5029389682512924,0.8676374290521501
img_001421.jpg,train,0.758766148398187,0.40938873928522357,0.771077726179127
img_001422.jpg,train,0.42712181745161876,0.5654974727351773,0.6769392712674052
img_001423.jpg,train,0.6929243016623533,0.4372549989309009,0.9146936440621163
img_001424.jpg,train,0.5835507821280274,0.5291799645543332,0.7905606748903218
img_001425.jpg,train,0.47957548168296116,0.5898851167446981,1.0
img_001426.jpg,train,0.5120455212429479,0.5124232388230198,0.8778678445534596
img_001427.jpg,train,0.5190107710140488,0.45392062287915724,0.613405991109224
img_001428.jpg,train,0.43299124709942366,0.38900737692604714,0.614730670765495
img_001429.jpg,train,0.4355141721681603,0.772234244647393,0.8447209011023701
img_001430.jpg,train,0.3690250784394955,0.513451342483389,0.8083884821444115
img_001431.jpg,train,0.606693777522278,0.6475777685684156,0.625190031059019
img_001432.jpg,train,0.40133028578360586,0.6235482178108668,1.0
img_001433.jpg,train,0.6197080561405607,0.6705231289705247,0.6137059159575071
img_001434.jpg,train,0.39824885530612386,0.4672928560252337,1.0
img_001435.jpg,train,0.5217153664977233,0.6651655099265584,0.9310152590860375
img_001436.jpg,train,0.7094946685730394,0.6299523462398128,0.9531285817688747
img_001437.jpg,train,0.432837829955712,0.7411433259209815,1.0
img_001438.jpg,train,0.5878107249717354,0.37843810227943075,0.7211847480226944
img_001439.jpg,train,0.7216104432964641,0.3966757904000069,0.725512600432595
img_001440.jpg,train,0.5463545443999959,0.36991468607166283,0.5979771045283885
img_001441.jpg,train,0.6789846442275255,0.6593153022469821,0.9393493397472625
img_001442.jpg,train,0.5683554956052005,0.6108605533026434,0.9514686149962038
img_001443.jpg,train,0.6254443746550139,0.680391382345105,0.8869004845528266
img_001444.jpg,train,0.43255250911203963,0.6001101562656673,1.0
img_001445.jpg,train,0.5523296140010238,0.7205978919329127,0.9802124116456127
img_001446.jpg,train,0.39753292124616096,0.6949959301858324,0.6277656215778327
img_001447.jpg,train,0.41730186705485856,0.41566721111734245,0.8952891775651215
img_001448.jpg,train,0.5086048825079987,0.6212900153667812,1.0
img_001449.jpg,train,0.43069364743269106,0.6797489347703191,0.6121937502549836
img_001450.jpg,train,0.6515249395432967,0.5334049389669842,1.0
img_001451.jpg,train,0.5131732032939768,0.6484311203202006,0.6069814436291824
img_001452.jpg,train,0.40153914148573283,0.500436067751547,0.8575429167550155
img_001453.jpg,train,0.43651706198108053,0.5472118842008528,0.6234593671418307
img_001454.jpg,train,0.49299887887085153,0.39461996787729064,0.7577945577745564
img_001455.jpg,train,0.4267013686358167,0.4286661813288539,1.0
img_001456.jpg,train,0.6925299279537804,0.47746700619606175,0.6811842983249186
img_001457.jpg,train,0.659014606666316,0.5133549030973942,0.7558140357286427
img_001458.jpg,train,0.471844099980032,0.4567229918182097,0.8517375392741793
img_001459.jpg,train,0.5594574546553023,0.6797879509309764,1.0
img_001460.jpg,train,0.4006078532930881,0.478758008361919,0.6607243045500364
img_001461.jpg,train,0.7299156377181054,0.6881461428003174,0.8221138663667589
img_001462.jpg,train,0.49430978677067133,0.37218356832590543,0.9198630161560866
img_001463.jpg,train,0.37693568514237413,0.729528461838464,0.8443995587774932
img_001464.jpg,train,0.6068034448974414,0.555306051795854,0.7381972219396814
img_001465.jpg,train,0.5452500295028241,0.5836578870359181,0.6625935828649073
img_001466.jpg,train,0.6274768351538627,0.40129401920370755,1.0
img_001467.jpg,train,0.6666135191867931,0.5172642133396886,1.0
img_001468.jpg,train,0.5349619637494801,0.3981973102054563,0.7362640588977949
img_001469.jpg,train,0.5360546067986941,0.623215892004787,1.0
img_001470.jpg,train,0.5521445175950493,0.5706436362970079,0.6338112161254611
img_001471.jpg,train,0.6232314490266453,0.4022007511887762,0.9134368868061101
img_001472.jpg,train,0.5595187720402525,0.5890038064345541,0.8414054871359534
img_001473.jpg,train,0.7758426391883554,0.40353231864362105,0.7215088299705503
img_001474.jpg,train,0.5737071104593457,0.6458656277735174,0.5912742957575977
img_001475.jpg,train,0.37066935873521417,0.4221583817333614,0.7842001648539746
img_001476.jpg,train,0.6801923802208322,0.3959426408217908,1.0
img_001477.jpg,train,0.5181002147810047,0.4954914849537295,0.8582150820359082
img_001478.jpg,train,0.5875043104821009,0.5778070035082427,0.9960355990098845
img_001479.jpg,train,0.4857132396074295,0.5976241992965224,0.8607232026464322
img_001480.jpg,train,0.41353663576335453,0.6028811677974654,0.6436257379545032
img_001481.jpg,train,0.5512818674197971,0.4466598974780179,1.0
img_001482.jpg,train,0.750831325525275,0.6244768111718698,0.8730230008985307
img_001483.jpg,train,0.7314565392065586,0.6150093235193684,0.7848756593805015
img_001484.jpg,train,0.6103601231074176,0.5150050466395034,0.8523936461689006
img_001485.jpg,train,0.4643259934782346,0.3757174914204133,0.6389398550592149
img_001486.jpg,train,0.49450621770694836,0.5786103207178827,0.7071846825129606
img_001487.jpg,train,0.685179970366442,0.6856217153442105,0.7552753726163506
img_001488.jpg,train,0.3978496652259091,0.7371879069613264,1.0
img_001489.jpg,train,0.42002621688452785,0.4224241704088101,0.6016581462129035
img_001490.jpg,train,0.37319477364149467,0.4737563472563444,1.0
img_001491.jpg,train,0.4174087275854353,0.3785150260150883,0.6750812955265365
img_001492.jpg,train,0.5976217150490819,0.664745959334366,1.0
img_001493.jpg,train,0.568050202403413,0.536032795146241,0.8566177841296949
img_001494.jpg,train,0.5509333084127787,0.40433391425160387,0.7760093034739098
img_001495.jpg,train,0.7186326907961957,0.6232633524516449,0.959049551660536
img_001496.jpg,train,0.5895492327784861,0.3969551356762209,0.8698899042021602
img_001497.jpg,train,0.6139757148439084,0.41818066847756324,0.609132207886159
img_001498.jpg,train,0.4626424947578333,0.6843075305133048,0.9739350847136193
img_001499.jpg,train,0.4949237378052647,0.4887799270159959,0.9819446834772457
img_001500.jpg,train,0.6151262053437807,0.3877852484950515,0.6522765189768839
img_001501.jpg,train,0.7052276983804022,0.4210228880333293,0.6783269593189267
img_001502.jpg,train,0.38495786913632113,0.46473530701756366,0.8106122149591567
img_001503.jpg,train,0.542583983444024,0.3724635500149171,0.952084217887627
img_001504.jpg,train,0.5004015556572635,0.6166003623343985,1.0
img_001505.jpg,train,0.7548076817639283,0.7231644334627724,0.59132745638138
img_001506.jpg,train,0.413726931873426,0.6015186396701592,0.6104105850141598
img_001507.jpg,train,0.5785644452470707,0.4991343954779525,0.6542136057362429
img_001508.jpg,train,0.503544639040152,0.44264765982728366,0.7465504675860992
img_001509.jpg,train,0.4652369278016025,0.49487943353269265,0.6797877447689932
img_001510.jpg,train,0.6097319705966626,0.5137742262935827,0.9452016599415297
img_001511.jpg,train,0.47155595348883433,0.6959633639473418,0.8729640276355902
img_001512.jpg,train,0.5370907153784371,0.7005455702223515,0.6716791491982707
img_001513.jpg,train,0.6189723956646715,0.5345406601354462,1.0
img_001514.jpg,train,0.7746921595279415,0.40005290668420557,0.7215988972208393
img_001515.jpg,train,0.6143456855051971,0.4314660239812292,0.7913651662903228
img_001516.jpg,train,0.5347616876977828,0.5573166706649412,0.8820273036949438
img_001517.jpg,train,0.6701445694703977,0.6527574496879384,0.864783057225097
img_001518.jpg,train,0.3954390946015128,0.5082256413140115,1.0
img_001519.jpg,train,0.4915952568883471,0.6657353562386845,0.943123278032399
img_001520.jpg,train,0.514497847998109,0.5163070984297272,0.6250726539948421
img_001521.jpg,train,0.6182072823111965,0.3915469690180216,0.7188574671474798
img_001522.jpg,train,0.744237987682626,0.6412117375727518,0.6026087076407964
img_001523.jpg,train,0.6436594273363565,0.469501527508051,1.0
img_001524.jpg,train,0.3872172206737082,0.6446160907473703,0.959883124786217
img_001525.jpg,train,0.45929572498143917,0.38560025694148825,0.7253067637684284
img_001526.jpg,train,0.6091424026110895,0.5432933964834422,0.6963484499054635
img_001527.jpg,train,0.5291302998900296,0.3864110062755601,1.0
img_001528.jpg,train,0.5879467825412826,0.39917831277770865,1.0
img_001529.jpg,train,0.627415134247013,0.5187162477302217,1.0
img_001530.jpg,train,0.6000581755107088,0.6613890159265893,0.7303296248931009
img_001531.jpg,train,0.3948426420548145,0.7600321998238267,0.8850861074896048
img_001532.jpg,train,0.5139197625429713,0.5110885665854196,1.0
img_001533.jpg,train,0.7348396573837327,0.4006754497836223,0.7126431796901996
img_001534.jpg,train,0.6432427074235921,0.5358410171567446,0.951081721090073
img_001535.jpg,train,0.6195925803912933,0.4450127271171816,1.0
img_001536.jpg,train,0.470462715547197,0.7596119629619075,0.686828657164602
img_001537.jpg,train,0.40837704463643315,0.6193853755766886,0.7093258052439922
img_001538.jpg,train,0.4981447669569601,0.4252437287151081,1.0
img_001539.jpg,train,0.5480090462794441,0.6360017867528494,0.7624303482910614
img_001540.jpg,train,0.3709319536205736,0.5134809017916794,0.7731576779533833
img_001541.jpg,train,0.39014744200098167,0.46750993971315397,0.6485740825337869
img_001542.jpg,train,0.6253170496705572,0.7142959230899231,0.6366513549495995
img_001543.jpg,train,0.6361854383356556,0.5216104774997299,0.785672852520534
img_001544.jpg,train,0.5295613063844259,0.4411940088637903,0.7575570277547374
img_001545.jpg,train,0.7630680302480651,0.6008599658001477,1.0
img_001546.jpg,train,0.38185694404444215,0.5973563204075673,0.7749676056752041
img_001547.jpg,train,0.5668700533959976,0.737134751672046,0.9717428782811512
img_001548.jpg,train,0.427317748146767,0.5387606096397888,0.8739111516210009
img_001549.jpg,train,0.5469536586087481,0.46005886427169235,0.7434256499350752
img_001550.jpg,train,0.5532168889358601,0.7481611052797987,0.5916483872802665
img_001551.jpg,train,0.5446212658685678,0.6113805330041876,0.7736230007540095
img_001552.jpg,train,0.5379665410310063,0.5232116201612199,0.8139887387882948
img_001553.jpg,train,0.6070522654695646,0.4862962885146936,0.7755489315649211
img_001554.jpg,train,0.6892168308206351,0.4379539207200893,0.9182309121330492
img_001555.jpg,train,0.4244155703262867,0.4691949694467114,0.591148550866831
img_001556.jpg,train,0.48896901253159814,0.5772145904998961,0.7235417319653267
img_001557.jpg,train,0.625623104664197,0.46556276384865214,0.5965691164194388
img_001558.jpg,train,0.42620478068729123,0.6472681908255599,0.9608290529406055
img_001559.jpg,train,0.6753068297519018,0.4307501148461658,1.0
img_001560.jpg,train,0.3793924383969906,0.5172568442623695,0.7299721042091135
img_001561.jpg,train,0.6026258455767249,0.6248839470548387,0.8750838574142605
img_001562.jpg,train,0.7167812080791615,0.40477548050835416,0.8522399955428108
img_001563.jpg,train,0.5221528487018833,0.4578739773115159,1.0
img_001564.jpg,train,0.40387642240611993,0.6677637803850552,0.6058550491557939
img_001565.jpg,train,0.6571587646083388,0.5496658177860144,0.6199073395394977
img_001566.jpg,train,0.37893667464120817,0.7370119496662334,1.0
img_001567.jpg,train,0.5058976412377204,0.7379122207661704,1.0
img_001568.jpg,train,0.3912289391944306,0.5626169763805823,0.8529562347297973
img_001569.jpg,train,0.45521630698668164,0.41357919618941025,0.6231402581132428
img_001570.jpg,train,0.4470392747079573,0.7114207567440415,0.740845593958967
img_001571.jpg,train,0.4808829559147556,0.6289537701228896,1.0
img_001572.jpg,train,0.6656010289300105,0.5636082946994169,0.8636023382315907
img_001573.jpg,train,0.7552362091140562,0.394643484636574,0.6082305059907361
img_001574.jpg,train,0.4988310288578375,0.38565225993154506,0.631415305698787
img_001575.jpg,train,0.7699531384675785,0.521952858983437,0.7983610607715836
img_001576.jpg,train,0.4908923729293715,0.5974014933865849,0.7845417986257177
img_001577.jpg,train,0.4216626650436785,0.6203185002921184,0.9359668873284076
img_001578.jpg,train,0.6764415011192599,0.5636039121581975,0.8193437156566296
img_001579.jpg,train,0.45734327493954235,0.45815720797460885,1.0
img_001580.jpg,train,0.40633790122547503,0.4704249539569518,0.8204073827602131
img_001581.jpg,train,0.5104067744164902,0.6471048790844546,0.7098677504167424
img_001582.jpg,train,0.3845694652042669,0.44421996698441024,1.0
img_001583.jpg,train,0.37588404973909356,0.424801741616976,1.0
img_001584.jpg,train,0.5111590017793838,0.48388482567168856,0.7049005289097579
img_001585.jpg,train,0.41397508623471485,0.40733906978625356,1.0
img_001586.jpg,train,0.7549339591612694,0.7253069608179215,1.0
img_001587.jpg,train,0.5784981227766904,0.3828153869363584,0.9118667743754819
img_001588.jpg,train,0.7241365906715863,0.7023449992533103,0.6811344568613636
img_001589.jpg,train,0.5699661327077629,0.376244672895557,0.8782767965628886
img_001590.jpg,train,0.40593167338482267,0.724833726468265,0.7338833241756736
img_001591.jpg,train,0.3917656380600443,0.4674121155756172,0.8445049049463643
img_001592.jpg,train,0.5100481301386631,0.6414181587438753,1.0
img_001593.jpg,train,0.3854396049744313,0.5907709536202898,0.8661809034222425
img_001594.jpg,train,0.45748014225746686,0.48486436091388896,0.5896928604643589
img_001595.jpg,train,0.4627059678257452,0.5154668097602699,0.958855089281757
img_001596.jpg,train,0.47168628264405443,0.7545450545339695,1.0
img_001597.jpg,train,0.5469761551537289,0.46157639284568547,0.7623618357213229
img_001598.jpg,train,0.407978360865992,0.6863476548502457,0.7413053106335108
img_001599.jpg,train,0.623952371956435,0.494146551079613,0.6891234454479052
img_001600.jpg,train,0.5281251082546355,0.7644655903282939,0.9499612136300819
img_001601.jpg,train,0.4390264416523902,0.5317412342453481,1.0
img_001602.jpg,train,0.5345092633770885,0.47064424840002533,0.9435825341822502
img_001603.jpg,train,0.5728974973547619,0.5820645557310627,0.8419256472401955
img_001604.jpg,train,0.6318365285971974,0.5684997651684855,1.0
img_001605.jpg,train,0.6897536280634192,0.48047946408776143,1.0
img_001606.jpg,train,0.7162105639211562,0.4563929354940412,0.6801881528894088
img_001607.jpg,train,0.6043867618092084,0.5872072345981568,0.7261942765015096
img_001608.jpg,train,0.6954184602577883,0.46756812444458157,0.5955131726914269
img_001609.jpg,train,0.6447589718291792,0.41525340410982753,0.654757038970436
img_001610.jpg,train,0.6746507228506889,0.40850546989030984,0.7032990994744382
img_001611.jpg,train,0.6618009811655671,0.4425605301525993,0.913894141465699
img_001612.jpg,train,0.6176082269472042,0.5745830634092228,0.652474624634456
img_001613.jpg,train,0.40528762517914824,0.3707051225120434,0.8652884022486859
img_001614.jpg,train,0.7525532047034996,0.6495358740260714,0.9223826766713139
img_001615.jpg,train,0.6261684122049322,0.6116474020965845,0.6791348549691311
img_001616.jpg,train,0.3827706633532972,0.6398186369296833,0.6195850311660087
img_001617.jpg,train,0.679174023475932,0.48992218411718547,0.707534521947604
img_001618.jpg,train,0.4207238324475604,0.6550161411836654,0.5958589151460837
img_001619.jpg,train,0.763198859831861,0.43218952454870124,0.7522997385655565
img_001620.jpg,train,0.5445163455363334,0.5347867850222517,1.0
img_001621.jpg,train,0.6944530547171593,0.4378834772270242,1.0
img_001622.jpg,train,0.3925869122666256,0.736682886421636,1.0
img_001623.jpg,train,0.5264763696706378,0.3807830534007108,0.6370556659933039
img_001624.jpg,train,0.4460371972327836,0.64087272808312,0.7975291833627738
img_001625.jpg,train,0.6433120502878507,0.49894556315954847,0.5918856660745982
img_001626.jpg,train,0.4520580250715282,0.5117950179171632,1.0
img_001627.jpg,train,0.46082353800086445,0.38527130324449477,0.7528899272551092
img_001628.jpg,train,0.6826352156814802,0.5514489645274891,0.6539634088412273
img_001629.jpg,train,0.7673164634684309,0.5874589583318729,0.8676375706042816
img_001630.jpg,train,0.553755325950064,0.3689981082377319,0.7760472024347074
img_001631.jpg,train,0.7118102671107825,0.5191681801002151,1.0
img_001632.jpg,train,0.5973384342824378,0.37846498999024264,0.8359323496597864
img_001633.jpg,train,0.7202948164028097,0.44742653530058546,0.8667796589269283
img_001634.jpg,train,0.5233164214503246,0.4414697228280898,0.6436204408922793
img_001635.jpg,train,0.6969992937799424,0.5009530265580495,0.9491810389749724
img_001636.jpg,train,0.6944068181238706,0.6089608084364443,0.8146278278059107
img_001637.jpg,train,0.5165371800260035,0.4717991232949366,0.7939296319108331
img_001638.jpg,train,0.5523896926246334,0.5389771928017439,0.6701745479444204
img_001639.jpg,train,0.41077431538493947,0.4116243942548752,0.608780048069804
img_001640.jpg,train,0.5030950339609558,0.49571863071348643,0.9186178000885292
img_001641.jpg,train,0.4395994952707995,0.6104706709019164,0.7284868257109279
img_001642.jpg,train,0.36882279559820663,0.518024862736303,0.8774339592247817
img_001643.jpg,train,0.5328188687244485,0.5000937342122501,0.8010055239483561
img_001644.jpg,train,0.5667782501625505,0.6429151470566988,0.6671907792362263
img_001645.jpg,train,0.3883858095227574,0.7363160810467871,0.765830843380986
img_001646.jpg,train,0.48047716354899944,0.6661552668819225,1.0
img_001647.jpg,train,0.5423180765236691,0.44559440737866884,1.0
img_001648.jpg,train,0.4615371178276269,0.4664673964423483,0.6688047774113189
img_001649.jpg,train,0.7225996919213387,0.7719333391403563,1.0
img_001650.jpg,train,0.6041205724985262,0.4157191173147914,0.6598075514469408
img_001651.jpg,train,0.5760820518673676,0.7394477156319822,0.649411672289899
img_001652.jpg,train,0.5393907404242538,0.7770093137380986,0.9934397066641963
img_001653.jpg,train,0.3717750794770063,0.4316050400567839,0.8894718334083195
img_001654.jpg,train,0.6635506138124644,0.45539655946929186,0.6191338177118272
img_001655.jpg,train,0.3741121048511558,0.5199325820188928,0.9513026045728825
img_001656.jpg,train,0.5057414583208919,0.5800495895554364,1.0
img_001657.jpg,train,0.5966856261563632,0.5428911775249986,0.7636682759103626
img_001658.jpg,train,0.4987978400113537,0.372186346989686,0.6778943041001918
img_001659.jpg,train,0.6137520333105999,0.45074205695856406,0.9136404709533154
img_001660.jpg,train,0.5468284179367008,0.5441953793195343,1.0
img_001661.jpg,train,0.39297982604500864,0.6230801872132458,1.0
img_001662.jpg,train,0.6472397897874441,0.3991025561483645,0.6153690163820563
img_001663.jpg,train,0.5965367270220955,0.4186595824085182,0.8761267318246881
img_001664.jpg,train,0.4563607881141591,0.7639272118448823,0.9812263593870675
img_001665.jpg,train,0.6820504726202704,0.42658321989660264,0.669463822138617
img_001666.jpg,train,0.6915457636082324,0.48048004829087726,0.6724592975775752
img_001667.jpg,train,0.5479316065556422,0.5777166251007072,0.6462596734254432
img_001668.jpg,train,0.5038564237716768,0.4447385241964623,1.0
img_001669.jpg,train,0.6799633790029181,0.46185586959051045,0.679920275278152
img_001670.jpg,train,0.6042267014212966,0.4684616723778148,0.6659228850903895
img_001671.jpg,train,0.5552752857233388,0.4347045249306875,0.610936915970896
img_001672.jpg,train,0.4509714615417506,0.5859159155261979,0.8115822660241047
img_001673.jpg,train,0.36933306214939066,0.41973336382376597,0.9785138189493591
img_001674.jpg,train,0.42304323457516607,0.5790792511353443,0.7052429674877745
img_001675.jpg,train,0.5660862983918409,0.37954243952322564,0.6808279288042829
img_001676.jpg,train,0.6708168588343794,0.40689296626948784,0.7492764979469535
img_001677.jpg,train,0.37020189071291315,0.5474405586430297,1.0
img_001678.jpg,train,0.6169694806785845,0.5605798694178553,1.0
img_001679.jpg,train,0.5100788709184082,0.5024606212642336,1.0
img_001680.jpg,train,0.6575984310161233,0.5562046478999223,1.0
img_001681.jpg,train,0.6424046786002687,0.5010919417093516,0.7733376491183612
img_001682.jpg,train,0.40084753979453963,0.3777431233567552,0.8605889405952377
img_001683.jpg,train,0.6073947002506935,0.7359987852437423,1.0
img_001684.jpg,train,0.5995760710739436,0.5852805303801358,0.9442851317138754
img_001685.jpg,train,0.43095849493573485,0.5521831867103898,0.7228369754298498
img_001686.jpg,train,0.46406620103246227,0.46979055827967126,0.6034457077802597
img_001687.jpg,train,0.6854828806157034,0.41469155309414835,0.6721857264345734
img_001688.jpg,train,0.42605209540494454,0.3687009753392016,1.0
img_001689.jpg,train,0.756282098918789,0.4761530436208325,0.8408106507139161
img_001690.jpg,train,0.4901583865673927,0.7552784394714572,0.6355059832692797
img_001691.jpg,train,0.46681863551952363,0.449306759401201,0.8634988620204685
img_001692.jpg,train,0.4431634223584731,0.5208646222362417,1.0
img_001693.jpg,train,0.6443222366586748,0.526964483854114,0.6922175879308793
img_001694.jpg,train,0.4028561094081449,0.4983341464786899,0.8415326082269645
img_001695.jpg,train,0.4043066490001834,0.375713404541973,0.8808656155661331
img_001696.jpg,train,0.5324696984292111,0.3988388959394271,0.6950061853349916
img_001697.jpg,train,0.5994388380833534,0.4767027916664312,1.0
img_001698.jpg,train,0.6897427214619599,0.4091097439660419,0.9406135538204647
img_001699.jpg,train,0.7215008017788621,0.39690247589906563,0.7762273824446116
img_001700.jpg,train,0.43879459589390307,0.43885014397605576,0.9283641838756119
img_001701.jpg,train,0.434002742835196,0.7344904230674163,0.712310344593725
img_001702.jpg,train,0.5413273637003707,0.6937036515015503,0.6742463755151524
img_001703.jpg,train,0.5191084147037065,0.5627651278923481,0.6304613421765723
img_001704.jpg,train,0.44824275603506897,0.5577490764152399,1.0
img_001705.jpg,train,0.5112499874410972,0.5338750550360283,0.5983455925054905
img_001706.jpg,train,0.511454240827601,0.6491503365893907,0.6699785364289875
img_001707.jpg,train,0.5301238692158643,0.7761265808008343,0.6005150028789665
img_001708.jpg,train,0.5102079584977309,0.7550176733405141,0.6821420763881645
img_001709.jpg,train,0.5573188370271738,0.72987811155076,1.0
img_001710.jpg,train,0.45801749446446083,0.4337356196489541,0.7751000705703083
img_001711.jpg,train,0.7393276887168131,0.7068074680562159,0.9490064549593842
img_001712.jpg,train,0.6753197811426673,0.7473844982618072,0.6096822548278014
img_001713.jpg,train,0.4739360343937727,0.4433778893857938,1.0
img_001714.jpg,train,0.41730500657206965,0.4915462048129151,0.8260307514100612
img_001715.jpg,train,0.48648162009655094,0.5914713840255019,0.6403427486886095
img_001716.jpg,train,0.6958094320856553,0.7392387267895916,1.0
img_001717.jpg,train,0.7271533530450208,0.4176215578235431,0.676552438592697
img_001718.jpg,train,0.6945221242281727,0.6482980899662508,1.0
img_001719.jpg,train,0.6236706922155992,0.4412117354194344,1.0
img_001720.jpg,train,0.45804509621059947,0.40762720014926773,1.0
img_001721.jpg,train,0.7245386355963793,0.5993919252938977,0.9847136992377586
img_001722.jpg,train,0.6892930859217793,0.5834750740928653,0.8899361519047364
img_001723.jpg,train,0.5510814236568881,0.6372694117464542,0.6173965819117327
img_001724.jpg,train,0.5071613761585456,0.41490059375711724,0.6565823720309373
img_001725.jpg,train,0.6294126994497633,0.37515175458082756,0.7646148768357942
img_001726.jpg,train,0.5462980747305898,0.3991120609972773,0.788998022031471
img_001727.jpg,train,0.7347858528933054,0.7014789858127458,0.7522865965791289
img_001728.jpg,train,0.391803874074309,0.6168440477035341,0.7090787735225608
img_001729.jpg,train,0.7468030575542716,0.47958834169518294,0.6579860892009729
img_001730.jpg,train,0.4291283400444537,0.6513081779363888,1.0
img_001731.jpg,train,0.4280099689192676,0.37964303042738107,0.6901516452266087
img_001732.jpg,train,0.6673568094816972,0.7160236844564851,0.7766139716968139
img_001733.jpg,train,0.485000134307395,0.4759142249269261,0.9053375058504276
img_001734.jpg,train,0.7284799730895225,0.4012089209807262,0.6749233727173086
img_001735.jpg,train,0.5338763959095233,0.40660361137120155,0.7256387010227427
img_001736.jpg,train,0.4369650926522297,0.7608552301712251,0.8171627149919033
img_001737.jpg,train,0.37893526987680265,0.5430472547460233,0.6292842312501472
img_001738.jpg,train,0.7027319115899419,0.5525202542420763,0.7597837114948296
img_001739.jpg,train,0.47075206955003085,0.7186376346289739,1.0
img_001740.jpg,train,0.5495697289933955,0.7335635934431152,0.7226448851656132
img_001741.jpg,train,0.5314040484946573,0.5796420920444717,1.0
img_001742.jpg,train,0.48335597639562833,0.41883394904376914,0.8817377205542205
img_001743.jpg,train,0.40649363227808316,0.4756175600516201,0.7437245858673369
img_001744.jpg,train,0.5150489483980656,0.4941760078550361,0.9846034188862046
img_001745.jpg,train,0.6703753029935341,0.39676734390956286,0.9250951082295064
img_001746.jpg,train,0.5884611394330932,0.7095652424827423,1.0
img_001747.jpg,train,0.3769816712468265,0.6266383584863079,1.0
img_001748.jpg,train,0.5012342320479574,0.42807484888892633,0.5906495852877176
img_001749.jpg,train,0.369408135135604,0.5018696866390123,0.6863622246937258
img_001750.jpg,train,0.4240603480848339,0.455311995564278,1.0
img_001751.jpg,train,0.731824629251746,0.6496513314930965,0.93543239924185
img_001752.jpg,train,0.6028227699240417,0.3851084579026625,0.6154428586052638
img_001753.jpg,train,0.60620703970975,0.41649314563568973,0.659735218818126
img_001754.jpg,train,0.6517360271465521,0.41082021706594674,0.776069548426536
img_001755.jpg,train,0.46785188505194714,0.6750902363353227,0.7086947851987742
img_001756.jpg,train,0.6216993520570574,0.44605867432491514,1.0
img_001757.jpg,train,0.3989154336992162,0.7514524383465363,0.6198109434422476
img_001758.jpg,train,0.5379125408684892,0.39110978762102944,1.0
img_001759.jpg,train,0.38778820623877924,0.37169518271930685,0.8335757814135568
img_001760.jpg,train,0.4798480744096329,0.3824526025243391,0.6929445829858006
img_001761.jpg,train,0.371420242868387,0.4908832899615745,1.0
img_001762.jpg,train,0.38171229938964907,0.37061789070643175,1.0
img_001763.jpg,train,0.4732470584015707,0.7377350410028395,1.0
img_001764.jpg,train,0.5321319775634789,0.47881029801191044,1.0
img_001765.jpg,train,0.6354063284124641,0.372611466015137,0.6442495229492087
img_001766.jpg,train,0.4653300201827936,0.3772533919801931,0.6841326306593033
img_001767.jpg,train,0.4524012820921867,0.44104661627693237,0.6451543323672713
img_001768.jpg,train,0.5760904974122582,0.4671203382121442,1.0
img_001769.jpg,train,0.7450041585050481,0.6750863715388494,0.8123898953235521
img_001770.jpg,train,0.5946765027244106,0.38118950292476067,0.7684036521134696
img_001771.jpg,train,0.4935622345827652,0.4275004993471687,0.9460909224528239
img_001772.jpg,train,0.5683117623055708,0.6272530495185697,0.695612320575071
img_001773.jpg,train,0.5991879684767537,0.6880637791500512,0.618734984474215
img_001774.jpg,train,0.4928229309543988,0.38127655430186724,0.730148827559398
img_001775.jpg,train,0.7171364276736171,0.6503052509265569,1.0
img_001776.jpg,train,0.441635210863731,0.7091100386103378,0.9272048149956273
img_001777.jpg,train,0.46510490424899215,0.5014688526207004,0.910854034922302
img_001778.jpg,train,0.687577723598496,0.435550225334233,0.9475348327021318
img_001779.jpg,train,0.6077922395355398,0.39276108665089415,0.7618762787073812
img_001780.jpg,train,0.6123780950654297,0.5370171375237905,0.6561397627432985
img_001781.jpg,train,0.4948373656664917,0.5202155152490023,0.8106600721280912
img_001782.jpg,train,0.6811562250077178,0.43126062696592954,0.8600423886860264
img_001783.jpg,train,0.39719487091607747,0.377690996993261,0.6651199474903098
img_001784.jpg,train,0.6162961976811697,0.4460300132934821,0.6526997230861379
img_001785.jpg,train,0.5290177800250837,0.6628430630121458,0.9511201253940801
img_001786.jpg,train,0.741362346712608,0.6731809817793408,0.5918549170973398
img_001787.jpg,train,0.7638086473083828,0.3864313398940921,0.8102737675983636
img_001788.jpg,train,0.7262762095137018,0.6960514306284818,0.6421114240736941
img_001789.jpg,train,0.4605207199475645,0.46903188360754405,1.0
img_001790.jpg,train,0.3891261488868916,0.3702397239784279,1.0
img_001791.jpg,train,0.3910922605298263,0.5272967282935183,1.0
img_001792.jpg,train,0.5168248253399986,0.5062229139274316,1.0
img_001793.jpg,train,0.6733647048827983,0.6286311297459791,0.7081505720073372
img_001794.jpg,train,0.43799894166770387,0.7166556494681453,0.738556096491826
img_001795.jpg,train,0.4544597506202817,0.5850056075273861,0.672320247752016
img_001796.jpg,train,0.6183947310726791,0.4156679824767225,0.6914829979718581
img_001797.jpg,train,0.6112308162829613,0.6648573211060333,0.6740331509478114
img_001798.jpg,train,0.6938846837880778,0.5668724483757853,0.9988710884464784
img_001799.jpg,train,0.5434578217653776,0.6324796418873998,1.0
img_001800.jpg,train,0.5223289521255027,0.7290791677596645,0.6333464911122517
img_001801.jpg,train,0.42339479303545585,0.42940377257820145,0.6368229751801655
img_001802.jpg,train,0.4064981755542538,0.5303201929796373,0.7094287730055577
img_001803.jpg,train,0.6302486510041615,0.40115348210990803,1.0
img_001804.jpg,train,0.3710160302473982,0.4525109297679859,0.6598160380045828
img_001805.jpg,train,0.5898490959255854,0.47695328240027185,0.6675076849469072
img_001806.jpg,train,0.3908101950521828,0.38389282633393984,0.951362051438903
img_001807.jpg,train,0.5289616189662647,0.44915583652142904,0.5915278441788658
img_001808.jpg,train,0.5370551569614276,0.3779752840184738,0.6471336024269128
img_001809.jpg,train,0.6857248247716811,0.7507242416469572,0.596488236040016
img_001810.jpg,train,0.4181250244947415,0.45026525607941004,0.5929066533782216
img_001811.jpg,train,0.5321395728248928,0.7412721228973976,1.0
img_001812.jpg,train,0.5022339457949268,0.7349347813627815,0.942247112417793
img_001813.jpg,train,0.42723345990959444,0.4049883614481418,0.6811764779591544
img_001814.jpg,train,0.6020071735679909,0.38126548777065583,0.8838391221711782
img_001815.jpg,train,0.38921158259416816,0.3850094169903673,0.8466351673415491
img_001816.jpg,train,0.5815070325486426,0.4817632544989401,0.8137967071077881
img_001817.jpg,train,0.4585653109771151,0.386374255976581,1.0
img_001818.jpg,train,0.4220150027035265,0.38164782124817886,1.0
img_001819.jpg,train,0.514991985852658,0.39984092426027146,0.9901560208222574
img_001820.jpg,train,0.4711801635882953,0.6209837478051413,0.71171157377709
img_001821.jpg,train,0.49099216069536683,0.6544856203013256,1.0
img_001822.jpg,train,0.49249846121493485,0.473478107013016,0.8706674192968044
img_001823.jpg,train,0.693040129607259,0.4976081849036807,0.8067995282832663
img_001824.jpg,train,0.42926160961070553,0.7452656295055938,0.8089511663504079
img_001825.jpg,train,0.741308913946208,0.3895999630072491,0.6963304631830393
img_001826.jpg,train,0.5305167642447229,0.6127451692587357,0.7726011343503666
img_001827.jpg,train,0.5355696204675016,0.4661976483523267,0.6278376143124565
img_001828.jpg,train,0.5487534899957526,0.6701239297035505,0.8838587671680184
img_001829.jpg,train,0.41766256968957105,0.5360279855092727,0.5908942473823764
img_001830.jpg,train,0.6909143210289171,0.5720887155710912,0.963709122621985
img_001831.jpg,train,0.5366449291079599,0.393702559601185,1.0
img_001832.jpg,train,0.36985238330683856,0.44161716868603174,1.0
img_001833.jpg,train,0.4748594522901395,0.7283500989425914,0.9159271027215149
img_001834.jpg,train,0.6392764375398522,0.5720608187687848,1.0
img_001835.jpg,train,0.7561820613507869,0.7080889908477688,0.7114304936687317
img_001836.jpg,train,0.495709822653797,0.6961894318348487,0.945507745842531
img_001837.jpg,train,0.47996377724766387,0.6861543674552033,0.7385359691360582
img_001838.jpg,train,0.3893500530582559,0.39978703329817994,1.0
img_001839.jpg,train,0.6410759527373324,0.6441654721796127,0.7067989002458352
img_001840.jpg,train,0.7033199526198778,0.3832237855192761,1.0
img_001841.jpg,train,0.3708340408773183,0.6577101055477054,0.7169777249190179
img_001842.jpg,train,0.5099999343276082,0.4006346597522394,0.6167873575396575
img_001843.jpg,train,0.40767064116029444,0.3737220743587623,0.7765338383598268
img_001844.jpg,train,0.7274905164746293,0.7021305446536129,1.0
img_001845.jpg,train,0.7568640151994289,0.46150939683598374,0.8147056434274542
img_001846.jpg,train,0.4031949899952945,0.45326982721812303,0.7686209618653365
img_001847.jpg,train,0.6861369766972522,0.5341169637738384,0.9212608477836063
img_001848.jpg,train,0.38501982829530235,0.6656742614063327,0.814104506712699
img_001849.jpg,train,0.4017043666631883,0.7187719944773794,1.0
img_001850.jpg,train,0.49081366142516974,0.6304477668590533,0.6045295275519671
img_001851.jpg,train,0.6092274071856133,0.40411709251058053,0.8337718470479916
img_001852.jpg,train,0.37730716957758387,0.599046984555729,0.859989883246509
img_001853.jpg,train,0.7013718445898832,0.4507054468953564,0.6718569486569419
img_001854.jpg,train,0.4526921980493139,0.6184894407378638,0.9541893874656647
img_001855.jpg,train,0.4670335544228032,0.5806748879035121,0.8324143805839985
img_001856.jpg,train,0.4041086070111244,0.39541745152899227,0.6946817886783279
img_001857.jpg,train,0.48593485514318707,0.5758045340217653,0.6378384526273247
img_001858.jpg,train,0.4483086986372438,0.5014475693053408,0.9185616629894169
img_001859.jpg,train,0.40107905267241756,0.5970304421302807,0.7726483418637218
img_001860.jpg,train,0.5576377462479254,0.3936605654514576,0.9369286503648308
img_001861.jpg,train,0.40232311973834706,0.6569461654382143,0.6326553957626228
img_001862.jpg,train,0.7550347345733082,0.4428618958561608,0.785262469194428
img_001863.jpg,train,0.37530667952188895,0.45660785243597024,0.6953741374233992
img_001864.jpg,train,0.6164791601121107,0.6797597031468081,0.8350107198558113
img_001865.jpg,train,0.37014206675483363,0.3963249807640266,0.817038346761569
img_001866.jpg,train,0.4752142486267479,0.5848231195821486,0.6650040942339263
img_001867.jpg,train,0.6130254729785044,0.5360809994973693,1.0
img_001868.jpg,train,0.44453656233003375,0.3741536220023242,0.8131736135187512
img_001869.jpg,train,0.6605353597533737,0.45713035062909374,1.0
img_001870.jpg,train,0.6718664061204772,0.40519866405533717,0.7172677152796206
img_001871.jpg,train,0.7076019419245932,0.40559444262236183,0.833213428058394
img_001872.jpg,train,0.37252831349884125,0.4873487325304387,0.9521627108465754
img_001873.jpg,train,0.5600054518891948,0.5789316281981801,0.735689811903338
img_001874.jpg,train,0.5911442963205057,0.40483457716491184,0.6287459946830833
img_001875.jpg,train,0.4906852033118496,0.48879669505822304,0.9778732140191297
img_001876.jpg,train,0.7636849881989595,0.5728875480737972,0.6546277302848335
img_001877.jpg,train,0.7592228363941236,0.7015052577370394,1.0
img_001878.jpg,train,0.6636752609872049,0.3987417845306793,0.5980273633308688
img_001879.jpg,train,0.39483851519478447,0.39444034769124947,0.8425781625345732
img_001880.jpg,train,0.5436663126479558,0.6521959444810187,0.6620892467318142
img_001881.jpg,train,0.7000117347631291,0.5667699144980594,0.7305163608025325
img_001882.jpg,train,0.7091938137819792,0.44330151369703125,1.0
img_001883.jpg,train,0.49594464997574733,0.5792324689371974,0.9991292727264388
img_001884.jpg,train,0.3793157655452166,0.44713458217737906,0.8931576732587726
img_001885.jpg,train,0.6868428692122631,0.6970035912579249,0.5917767056349945
img_001886.jpg,train,0.42882252490111866,0.6313304831498465,0.7729980034342537
img_001887.jpg,train,0.5209098687637844,0.425223553498492,0.7681548810986817
img_001888.jpg,train,0.39262675025169846,0.4167174093048788,0.6281246413679313
img_001889.jpg,train,0.7522471303061401,0.7681528965232717,0.9059991602212177
img_001890.jpg,train,0.6941529436592567,0.6885722241869826,0.6672705259715704
img_001891.jpg,train,0.5752800425413288,0.5555873667007595,1.0
img_001892.jpg,train,0.6306265328663789,0.5428567123364002,1.0
img_001893.jpg,train,0.6118036812192229,0.571711547633304,0.7357672944777391
img_001894.jpg,train,0.7456676742852592,0.5990216111828981,1.0
img_001895.jpg,train,0.4381100027141052,0.5190943587393991,0.6150410575700914
img_001896.jpg,train,0.5008131996502382,0.5260973903365177,0.9706358097626071
img_001897.jpg,train,0.6517016942535753,0.5468637769324957,0.6318255905569506
img_001898.jpg,train,0.3709729378613984,0.4079557180567847,0.7028825799503909
img_001899.jpg,train,0.6086111274732334,0.6742155469818655,0.9280661874967073
img_001900.jpg,train,0.4510893493359549,0.44330501327671784,0.943339252110995
img_001901.jpg,train,0.42304798992287046,0.48327203987836365,1.0
img_001902.jpg,train,0.4911910182156454,0.4001457856187501,0.6876355945925694
img_001903.jpg,train,0.36930854320756207,0.42562326755415514,0.6376928917696576
img_001904.jpg,train,0.7068965467485132,0.7112190378466243,0.6422354638751344
img_001905.jpg,train,0.6918632342224161,0.7643603701675543,1.0
img_001906.jpg,train,0.6367534969187837,0.42590858696969763,0.782027051572043
img_001907.jpg,train,0.7632850799240128,0.7015986651076677,0.8736201092058093
img_001908.jpg,train,0.3960668040745207,0.5266839942076126,1.0
img_001909.jpg,train,0.40330270822246,0.6331471750862906,0.7413570590510997
img_001910.jpg,train,0.633693823312584,0.4560986674859648,0.744027064834124
img_001911.jpg,train,0.6871679659635271,0.5102651159196196,0.6673709222160312
img_001912.jpg,train,0.5034243564539252,0.7467944297614483,1.0
img_001913.jpg,train,0.5290071514558766,0.6965277840773653,1.0
img_001914.jpg,train,0.5471222457061331,0.6194651841227384,0.8058299232947769
img_001915.jpg,train,0.7199801049027829,0.6037072195938258,1.0
img_001916.jpg,train,0.6131312528381208,0.624838060999645,0.7424527602017651
img_001917.jpg,train,0.586342158559923,0.7688888950277906,0.6356899348819217
img_001918.jpg,train,0.7286284817168888,0.5941580997370813,1.0
img_001919.jpg,train,0.45388130502430163,0.411832124053735,0.6191392629002774
img_001920.jpg,train,0.5180162141474405,0.5682565426935264,0.7275906701356869
img_001921.jpg,train,0.4796152244823224,0.3953476065523698,0.6284820009519421
img_001922.jpg,train,0.6921455962826192,0.44752674685041266,1.0
img_001923.jpg,train,0.5188786202324356,0.6335226742491762,0.7942261177406883
img_001924.jpg,train,0.4782593726319561,0.4957807889869536,1.0
img_001925.jpg,train,0.42937189802570863,0.5010430837646607,1.0
img_001926.jpg,train,0.3955276746257632,0.5531755313016756,0.8462619098333454
img_001927.jpg,train,0.46213607650962524,0.5028424082322526,0.6594766183159325
img_001928.jpg,train,0.5855021029687647,0.5308122628512195,0.8975336315429258
img_001929.jpg,train,0.6237766824760528,0.37886971605976666,0.8701611142351229
img_001930.jpg,train,0.751006851244004,0.6248371847700452,1.0
img_001931.jpg,train,0.7402727382321582,0.520707282900016,0.6998270526190182
img_001932.jpg,train,0.5142176534740027,0.5687584247719584,1.0
img_001933.jpg,train,0.3748119599019362,0.6846167165256417,0.8157030325175038
img_001934.jpg,train,0.39270040146959717,0.7107435580525481,0.660960418803967
img_001935.jpg,train,0.6970995814902726,0.6353304371557176,1.0
img_001936.jpg,train,0.6797219602037531,0.7617367363617712,0.9294100231875289
img_001937.jpg,train,0.549959714465822,0.6235848007221936,0.6623043356702956
img_001938.jpg,train,0.7285256183797425,0.46660127136089447,0.6804234096692537
img_001939.jpg,train,0.6063203036539857,0.36921839818734165,0.8302446452017491
img_001940.jpg,train,0.5794977685427024,0.6000001678667131,0.8432156485360428
img_001941.jpg,train,0.5894763406795972,0.4015629296807102,1.0
img_001942.jpg,train,0.7108502907714892,0.42165026523068266,0.5940966671790636
img_001943.jpg,train,0.4203599210531716,0.47574144435104654,0.7359931436796687
img_001944.jpg,train,0.5498231461349504,0.5201153618522639,0.9346281064296852
img_001945.jpg,train,0.40829984413711085,0.40419014094398253,1.0
img_001946.jpg,train,0.3756934057889206,0.40299215257832827,0.6082212156020174
img_001947.jpg,train,0.612758352537698,0.602520145552324,0.619854760397814
img_001948.jpg,train,0.42023000067265787,0.730045383481797,1.0
img_001949.jpg,train,0.4653911107393059,0.5810858143296299,0.6066712283070175
img_001950.jpg,train,0.5159972658372204,0.44781147627172624,1.0
img_001951.jpg,train,0.3747084213898953,0.3952337201271476,0.7580723899482886
img_001952.jpg,train,0.42903684490505345,0.7427987040537537,0.7093166424080436
img_001953.jpg,train,0.6774343670530786,0.6067024070126834,1.0
img_001954.jpg,train,0.3727073444123059,0.38720763618764903,0.8539300472896592
img_001955.jpg,train,0.6106279989854487,0.4532371991150302,0.8547756523713219
img_001956.jpg,train,0.6242045839599669,0.3710026296308426,0.815178809415178
img_001957.jpg,train,0.5269715200605134,0.4554965116171627,0.654960752875665
img_001958.jpg,train,0.6217996035540428,0.4550993708173026,0.8023559978833115
img_001959.jpg,train,0.5492974935680488,0.49623477376571845,0.9429683080924113
img_001960.jpg,train,0.42622181678443144,0.6518990481792887,1.0
img_001961.jpg,train,0.5106959896954151,0.4674378025772965,1.0
img_001962.jpg,train,0.3705330657233694,0.4668705147155567,0.6905496169615478
img_001963.jpg,train,0.3985994556340226,0.589745965985612,1.0
img_001964.jpg,train,0.4887978776873636,0.6227160573278313,0.8403530291350336
img_001965.jpg,train,0.7683761125022076,0.641687698271796,0.6356372690767662
img_001966.jpg,train,0.4157250204351796,0.5895322558363977,1.0
img_001967.jpg,train,0.551483443250243,0.3867154449619498,0.6693488592289545
img_001968.jpg,train,0.6259031086234121,0.49991867798078227,1.0
img_001969.jpg,train,0.3769387033308173,0.46472210691148214,0.7135710329984466
img_001970.jpg,train,0.3811870267339166,0.759652579403376,0.8089427243327182
img_001971.jpg,train,0.47530409024430353,0.4810569408223828,1.0
img_001972.jpg,train,0.6623847668976574,0.5172053841576308,1.0
img_001973.jpg,train,0.4759227791023884,0.6042922700854265,0.8136726615911343
img_001974.jpg,train,0.681676149409005,0.3802462613933746,0.7464295829038252
img_001975.jpg,train,0.5904130353009792,0.4767305658131775,0.656411002461849
img_001976.jpg,train,0.39471227968901096,0.4598995597392257,1.0
img_001977.jpg,train,0.40849860850666647,0.6013138335891278,0.9937860744816815
img_001978.jpg,train,0.4031797385998794,0.620766212896307,0.6008130812309841
img_001979.jpg,train,0.45446535174212893,0.6625214435608798,0.591488404031947
img_001980.jpg,train,0.438509046970011,0.562461635724744,1.0
img_001981.jpg,train,0.5000477947888194,0.4872007858530408,0.6796928798358383
img_001982.jpg,train,0.6516182423416073,0.42286804484019463,0.6921381642246964
img_001983.jpg,train,0.38611466841434056,0.5379089634696202,1.0
img_001984.jpg,train,0.4401060294091382,0.7041544198940196,0.950003316666169
img_001985.jpg,train,0.46677050007675813,0.40395735374544356,0.7840525690404797
img_001986.jpg,train,0.5146924026394819,0.5087672561525488,0.6791407356668543
img_001987.jpg,train,0.47080711000809056,0.3730233066088666,1.0
img_001988.jpg,train,0.5827470161969738,0.44780899816525227,1.0
img_001989.jpg,train,0.6152826678251092,0.42303694752046556,0.7104348574366737
img_001990.jpg,train,0.6398834601580172,0.4063590038709773,0.993381518668543
img_001991.jpg,train,0.39176361231685153,0.3910657619863172,1.0
img_001992.jpg,train,0.46210494412097836,0.4086857509477559,0.9012429007671614
img_001993.jpg,train,0.48774763091937884,0.6992872666626675,0.5970786394274152
img_001994.jpg,train,0.5352815470176869,0.7219256571020867,0.8823856324311357
img_001995.jpg,train,0.47354543342777083,0.37251325695350507,0.7319859867775451
img_001996.jpg,train,0.432151752979272,0.3866940193926567,0.8798954288082883
img_001997.jpg,train,0.6504008190685325,0.4633614676721651,0.6143876404601165
img_001998.jpg,train,0.7096877873084702,0.5437053468031422,1.0
img_001999.jpg,train,0.7447223804328807,0.39693306613211804,1.0
img_002000.jpg,train,0.3774605685340077,0.37096006453739266,0.7434932729076683
img_002001.jpg,train,0.439267419957223,0.7009538500560727,1.0
img_002002.jpg,train,0.4822623813420706,0.42860340377559014,0.9758023761971586
img_002003.jpg,train,0.36921922324379536,0.6889995896557642,0.6551535989840306
img_002004.jpg,train,0.5139874422989723,0.5664204336417624,0.618230034436165
img_002005.jpg,train,0.5013681581970783,0.3986273065690809,0.7735789176011332
img_002006.jpg,train,0.41904567735157866,0.5022818764374238,0.5904643292537124
img_002007.jpg,train,0.6384588996823345,0.39228831897113486,1.0
img_002008.jpg,train,0.3782468347204895,0.5569296137206612,0.7392675738486918
img_002009.jpg,train,0.48637074456161367,0.6579128723456452,0.6195027433321764
img_002010.jpg,train,0.4805693549629968,0.5495634491008624,1.0
img_002011.jpg,train,0.5075348802333425,0.5854148015930115,0.9384161657190296
img_002012.jpg,train,0.7300100287263688,0.6913227811923064,0.7125081756390199
img_002013.jpg,train,0.6085975400109432,0.4506671412907079,0.671517132283361
img_002014.jpg,train,0.46295487095961746,0.3821487709103158,1.0
img_002015.jpg,train,0.5215049778180707,0.47520580908994053,0.9496219811083348
img_002016.jpg,train,0.4971834960427624,0.5663876003981533,0.917647719048117
img_002017.jpg,train,0.4922255098696307,0.6207518276758125,1.0
img_002018.jpg,train,0.37965735536366685,0.4772228905480513,0.7664237339025687
img_002019.jpg,train,0.7520953459005094,0.3901356279498094,0.6845742484990746
img_002020.jpg,train,0.4437554249212076,0.47771938963212063,0.6630858193851233
img_002021.jpg,train,0.6487292011717426,0.3835180568159826,1.0
img_002022.jpg,train,0.6154813813623372,0.6088637057864301,0.6013926563132657
img_002023.jpg,train,0.513388867070267,0.6277431694226053,0.9171774891078349
img_002024.jpg,train,0.6771857044981741,0.6079251552719689,0.8109599233959216
img_002025.jpg,train,0.435274541115775,0.6797585067571235,0.6503936710719
img_002026.jpg,train,0.38914156996326793,0.6337977417942936,0.748191740730406
img_002027.jpg,train,0.7716105895739829,0.5352697170297933,0.7905433709557206
img_002028.jpg,train,0.44450877865871624,0.4660460297814768,1.0
img_002029.jpg,train,0.7325855921239919,0.4493236813191969,0.790668875738457
img_002030.jpg,train,0.7095310558567784,0.39469379335827676,0.9185476233057419
img_002031.jpg,train,0.6563664395259515,0.7133540745807513,1.0
img_002032.jpg,train,0.7095467217981636,0.42226997591736487,0.6428961050269257
img_002033.jpg,train,0.4601682109405398,0.5212662551484394,0.8011158587109909
img_002034.jpg,train,0.3901044110937579,0.5858724943411359,1.0
img_002035.jpg,train,0.42112453514447773,0.4800875943685923,0.7617360606621107
img_002036.jpg,train,0.5222271022837712,0.7233516857572945,0.8395729513086473
img_002037.jpg,train,0.5200105705164093,0.5337375703951613,0.7652697220047083
img_002038.jpg,train,0.5100105634635465,0.7420128847000367,0.6498429700463936
img_002039.jpg,train,0.40399965571340335,0.5175237876782172,1.0
img_002040.jpg,train,0.45913023036415684,0.44917816090881163,0.7861644221576485
img_002041.jpg,train,0.4502158778462884,0.5452458130280528,0.6309761977319818
img_002042.jpg,train,0.7414281469031248,0.40220823834211766,0.6510426309784618
img_002043.jpg,train,0.4079403266849481,0.6160276966350161,0.606439944184196
img_002044.jpg,train,0.7736034520857954,0.3825121712533819,0.9982653569649924
img_002045.jpg,train,0.7040530358397006,0.37312792745603707,0.751779936257429
img_002046.jpg,train,0.6487607528163627,0.4789263711592386,0.6523185307788104
img_002047.jpg,train,0.3781189241052633,0.5866682591041045,0.619977133528055
img_002048.jpg,train,0.5910990903643575,0.5663872913991153,1.0
img_002049.jpg,train,0.37692960203427023,0.6238857126451363,0.6650098161812181
img_002050.jpg,train,0.4600760607556409,0.5656638905521075,0.9690281248793983
img_002051.jpg,train,0.7425628284655362,0.4817130901033512,1.0
img_002052.jpg,train,0.5638431205682699,0.5291174007540743,0.5978886674836762
img_002053.jpg,train,0.6481113789997835,0.7154642916641786,0.915854832395941
img_002054.jpg,train,0.7677625529425147,0.45389235415573087,0.9595204304973807
img_002055.jpg,train,0.39942082531460743,0.7492359762932125,0.8084842564321613
img_002056.jpg,train,0.5281927819107919,0.4276971399437324,0.6275117640154443
img_002057.jpg,train,0.4612841497198111,0.5977731313601035,0.7349175649353097
img_002058.jpg,train,0.5826398373803312,0.5576499365229819,0.6954711481412158
img_002059.jpg,train,0.7142902203942677,0.7067326431785405,0.9719830916243003
img_002060.jpg,train,0.6936179055975765,0.39300461933443415,0.8215064516801414
img_002061.jpg,train,0.6592447202179619,0.7155410345411523,1.0
img_002062.jpg,train,0.6017030536533534,0.7082719911264466,1.0
img_002063.jpg,train,0.4545735801717865,0.6115210140468484,0.8159973512145607
img_002064.jpg,train,0.5131041956549192,0.6102540178774546,0.6924737738165069
img_002065.jpg,train,0.5625508279920592,0.4803702936544136,1.0
img_002066.jpg,train,0.44722087389975435,0.7523483401710277,0.8014990662758784
img_002067.jpg,train,0.6511841943880158,0.5999186393249497,0.9952600365517291
img_002068.jpg,train,0.5118313319987488,0.7239288835571546,0.9977453394138561
img_002069.jpg,train,0.7254547005620878,0.7368604957337571,0.6527775007759478
img_002070.jpg,train,0.5920809404469635,0.4258923870859211,0.8200906409315679
img_002071.jpg,train,0.5110183744515885,0.4541326884700762,0.7220096845397822
img_002072.jpg,train,0.5794076707028016,0.42380239336719905,0.6050259893673913
img_002073.jpg,train,0.7003603254545682,0.37582188441593933,1.0
img_002074.jpg,train,0.39272246218235923,0.45215240434101894,0.6026801046801554
img_002075.jpg,train,0.5833247972829686,0.5936273008599732,0.8168368074561027
img_002076.jpg,train,0.5250001884373304,0.5850332095197041,0.6604436991719776
img_002077.jpg,train,0.40719009504229814,0.6567445415520377,1.0
img_002078.jpg,train,0.7051126496217112,0.3698011068633044,1.0
img_002079.jpg,train,0.4923311255842848,0.638273320589508,0.958610283333209
img_002080.jpg,train,0.55710606561399,0.42754117913559914,0.6361462340779778
img_002081.jpg,train,0.5104215807078244,0.594259029627628,1.0
img_002082.jpg,train,0.4203509151642019,0.48404623591373924,0.858053964420839
img_002083.jpg,train,0.6100539546502207,0.49795842143496377,0.6609302776345994
img_002084.jpg,train,0.5303026365264066,0.6643791007814587,0.7490616184448812
img_002085.jpg,train,0.5316617288198682,0.38747205735259316,0.9350658481735978
img_002086.jpg,train,0.4728664061256027,0.46887687813490214,1.0
img_002087.jpg,train,0.43458544983285446,0.3937589593713528,1.0
img_002088.jpg,train,0.5002553669031208,0.4395343232228499,0.6300289662330438
img_002089.jpg,train,0.43046664876226454,0.37644878823156924,0.8893477623469557
img_002090.jpg,train,0.6871371741295862,0.4425585571304003,0.784615247598533
img_002091.jpg,train,0.5633794659546308,0.5432618641398581,1.0
img_002092.jpg,train,0.4895658494166019,0.628646306599505,0.8208805896537703
img_002093.jpg,train,0.6122949372549839,0.5272970272497078,0.9475996478449573
img_002094.jpg,train,0.669983720190738,0.5963782028312316,0.8555220117999032
img_002095.jpg,train,0.6563333463467438,0.5442462713990842,1.0
img_002096.jpg,train,0.7585333789677122,0.4828288995004759,1.0
img_002097.jpg,train,0.5016840890435176,0.7386623114921659,0.9501298090733122
img_002098.jpg,train,0.5700403675549596,0.5017481598889546,1.0
img_002099.jpg,train,0.5246783302031338,0.43661695289899455,0.904290891949076
img_002100.jpg,train,0.44002623655919404,0.37938002060743914,0.9898145218772131
img_002101.jpg,train,0.5490872099923289,0.5545746736559636,1.0
img_002102.jpg,train,0.427503446644456,0.750140656150519,0.9898739833490949
img_002103.jpg,train,0.47502028745942565,0.5231415854179174,0.5991002776619758
img_002104.jpg,train,0.7251054393509243,0.5531560378129871,1.0
img_002105.jpg,train,0.5223330655974324,0.6821871186738387,0.7594458152579887
img_002106.jpg,train,0.4363566974811716,0.5230975444203539,1.0
img_002107.jpg,train,0.4104386496267816,0.46595991256749025,0.7040090451434455
img_002108.jpg,train,0.41558012384826454,0.387521716467299,0.6729847153602057
img_002109.jpg,train,0.5254175322774134,0.6058362089499258,1.0
img_002110.jpg,train,0.5483654272804568,0.44917681477968907,0.6184253118864832
img_002111.jpg,train,0.6204434086236107,0.6055603672163826,0.7068115605004659
img_002112.jpg,train,0.4863597832279634,0.6983747878173556,1.0
img_002113.jpg,train,0.7554482599878055,0.5047607018166375,0.8608355056473128
img_002114.jpg,train,0.5654327999724128,0.5606240454872147,0.7800230978455215
img_002115.jpg,train,0.699792197746218,0.4055855427233685,0.8439260282657578
img_002116.jpg,train,0.5421787639717207,0.37881228202033396,1.0
img_002117.jpg,train,0.4980652846225852,0.419556201482679,0.6930109383246215
img_002118.jpg,train,0.5493915677641263,0.5134311628957348,0.6053703865396947
img_002119.jpg,train,0.5836897749298031,0.4510257993603197,0.5998145834216403
img_002120.jpg,train,0.5004526961852104,0.6308936811078515,0.596976204758766
img_002121.jpg,train,0.5405724063387177,0.5879154516244207,0.8870599703875973
img_002122.jpg,train,0.40800220882380644,0.5961561126535252,0.6561674662699464
img_002123.jpg,train,0.44268630243894735,0.6331491274244804,0.624485019571611
img_002124.jpg,train,0.7728899681796113,0.765224951166236,1.0
img_002125.jpg,train,0.6828764972650726,0.40153285167373376,0.9237101617601098
img_002126.jpg,train,0.4009033252382291,0.5715365786006862,0.6554259137820732
img_002127.jpg,train,0.44001412811208596,0.38663682775212127,0.6900171337198693
img_002128.jpg,train,0.5198308597541362,0.5041052537927627,1.0
img_002129.jpg,train,0.7394766069951423,0.5743719968043286,1.0
img_002130.jpg,train,0.46243235900515794,0.4081746850214742,0.6918662539580105
img_002131.jpg,train,0.7341619474574738,0.4473413676888171,1.0
img_002132.jpg,train,0.4194989687165032,0.6868203820423048,0.8890250462674129
img_002133.jpg,train,0.7418834459934972,0.44079030100756444,1.0
img_002134.jpg,train,0.7636556326033769,0.5053151805322593,0.6347736451449173
img_002135.jpg,train,0.5628876546941287,0.5728877136443403,0.7807490420228523
img_002136.jpg,train,0.5858576970179206,0.39669314219497354,0.6231296092387476
img_002137.jpg,train,0.4593965151445798,0.43355028128669443,0.8492833815755947
img_002138.jpg,train,0.3752939674794889,0.7131492157372942,1.0
img_002139.jpg,train,0.42701437967930006,0.6196373002745544,1.0
img_002140.jpg,train,0.6625019855339184,0.6679638267831974,0.8690239971167442
img_002141.jpg,train,0.46469259723713,0.5207447305028725,0.7615646479517015
img_002142.jpg,train,0.7765405919976603,0.41801887249987635,0.8026700162923154
img_002143.jpg,train,0.43260232571720153,0.6090382617799497,0.6712292990268643
img_002144.jpg,train,0.5950948691303467,0.4571575697675949,1.0
img_002145.jpg,train,0.7534526659572908,0.46680588491687686,0.6305130923301674
img_002146.jpg,train,0.529818129410594,0.6008424108207392,1.0
img_002147.jpg,train,0.43442883600980675,0.4944302196359276,1.0
img_002148.jpg,train,0.49011653545484474,0.5452171168034367,0.6988475694507474
img_002149.jpg,train,0.5366198598131734,0.44149519591482295,0.7416837725181492
img_002150.jpg,train,0.37625314663983217,0.5231492534856469,0.7700384581252868
img_002151.jpg,train,0.5139195571617835,0.5947164298293638,0.6515140615084969
img_002152.jpg,train,0.49128436705242934,0.3967193161181049,0.9406838544428983
img_002153.jpg,train,0.5058774793573778,0.679831843543417,0.6742273446394171
img_002154.jpg,train,0.5064712846586107,0.6166810634708635,0.6479402144509895
img_002155.jpg,train,0.43208805239014564,0.7665188976305283,0.6418720117745196
img_002156.jpg,train,0.37375618385154813,0.7006441762449405,0.6543783671952913
img_002157.jpg,train,0.38316786962251514,0.6931936270085522,0.9149732727665003
img_002158.jpg,train,0.6848826399100094,0.4043773863255063,0.693816264156017
img_002159.jpg,train,0.6083780677042525,0.3870854049383854,1.0
img_002160.jpg,train,0.44996585770829184,0.587878582758309,0.6686914592933199
img_002161.jpg,train,0.6467442260297744,0.48107165776747474,0.8794810290660149
img_002162.jpg,train,0.5925105463167016,0.688452184768506,0.6892746104402061
img_002163.jpg,train,0.6204215335332551,0.3976674003200514,0.78758346603212
img_002164.jpg,train,0.5927422440966165,0.4362517373976839,1.0
img_002165.jpg,train,0.37151431197843277,0.5237247291062465,0.7444582248919597
img_002166.jpg,train,0.450706835624273,0.3801868167569495,0.908241801820897
img_002167.jpg,train,0.4662593748103497,0.3800054646087285,1.0
img_002168.jpg,train,0.43785128053166594,0.493803204406486,1.0
img_002169.jpg,train,0.42102869326762143,0.585236919737171,0.942596810789397
img_002170.jpg,train,0.4870280612956188,0.6534151600131618,0.6953306464018358
img_002171.jpg,train,0.40429886067610576,0.54181525777505,0.8768249927689447
img_002172.jpg,train,0.3811361933829945,0.6943193180479706,0.609470289934975
img_002173.jpg,train,0.6745737910733071,0.40838354540601324,0.8412524508996325
img_002174.jpg,train,0.4054173392267562,0.6634348935412825,0.796025751034845
img_002175.jpg,train,0.5822883267231184,0.7765429206004368,1.0
img_002176.jpg,train,0.5123276961563961,0.4891285396296194,1.0
img_002177.jpg,train,0.3801515112300386,0.40648357088224846,0.653449601782017
img_002178.jpg,train,0.40246868622500126,0.48070248951659655,1.0
img_002179.jpg,train,0.5091871335390752,0.4505797801358636,1.0
img_002180.jpg,train,0.6574500095644287,0.6204232743671313,1.0
img_002181.jpg,train,0.5341087199765905,0.5931994151247455,0.7547188900115527
img_002182.jpg,train,0.6462709898622102,0.6181451866056928,1.0
img_002183.jpg,train,0.5672286508113366,0.7118744640233786,0.9853687108341149
img_002184.jpg,train,0.6605774717239035,0.6245510978918652,0.6390673703533838
img_002185.jpg,train,0.4537260872195228,0.3940504555648115,1.0
img_002186.jpg,train,0.4575022838795351,0.46269655373707286,0.6788201068203555
img_002187.jpg,train,0.6582546785601987,0.3973152827990242,0.750404839210318
img_002188.jpg,train,0.6181400258968485,0.7486661826216628,0.6426264209485094
img_002189.jpg,train,0.7053854706658278,0.6651155423035314,0.5986475538146676
img_002190.jpg,train,0.5766352168274077,0.6361983030887087,0.9265703352888992
img_002191.jpg,train,0.684219061224871,0.5068866028021709,1.0
img_002192.jpg,train,0.7085950721096569,0.7687841588561998,1.0
img_002193.jpg,train,0.47428500410335656,0.3784734319142391,0.9276556581926731
img_002194.jpg,train,0.42690981460899896,0.6227061617460096,0.8815701579781542
img_002195.jpg,train,0.37595459856289776,0.40862888144498893,0.9776514498621903
img_002196.jpg,train,0.6868125296004371,0.5822645214934173,0.7386644847726337
img_002197.jpg,train,0.47716718755639453,0.5674276101441872,1.0
img_002198.jpg,train,0.5658798773217072,0.404075102927937,0.6959210175738324
img_002199.jpg,train,0.6873709552872355,0.6696348568731808,0.979490817384909
img_002200.jpg,train,0.4473699991971774,0.39717246263201966,0.9615099723400057
img_002201.jpg,train,0.5442430808246264,0.48326993622335274,1.0
img_002202.jpg,train,0.5790662054463552,0.6396857362334143,0.8829351942979455
img_002203.jpg,train,0.5351879070477509,0.4606010292144913,0.7731207853010302
img_002204.jpg,train,0.5010596644715415,0.4819056042005026,0.6355937894824781
img_002205.jpg,train,0.6574916772768046,0.4970833770926932,0.6582804224364004
img_002206.jpg,train,0.4219217824714243,0.40756518616885096,0.7811852798804981
img_002207.jpg,train,0.772650354176895,0.5163469667068745,0.7803339095359629
img_002208.jpg,train,0.5279751542201973,0.449606352613204,0.7211987970836986
img_002209.jpg,train,0.570022128910427,0.630714689278562,0.7416719726467246
img_002210.jpg,train,0.38311299342073896,0.4617096229892465,0.8595362830801716
img_002211.jpg,train,0.6569834600416767,0.4507195439608697,0.8130204224725183
img_002212.jpg,train,0.46010652863165635,0.7415958316142556,1.0
img_002213.jpg,train,0.6435220194899469,0.42043728621990545,0.8665108335309248
img_002214.jpg,train,0.641463050514321,0.5133581613294188,0.7209264004997958
img_002215.jpg,train,0.6300104414291908,0.48057056338261067,1.0
img_002216.jpg,train,0.6680541249031396,0.7608450590037833,1.0
img_002217.jpg,train,0.47868811098237113,0.48553462755013754,0.6581814178183373
img_002218.jpg,train,0.44354717238582175,0.4100560731124305,1.0
img_002219.jpg,train,0.6096798680748524,0.3910936662266396,0.8225851503721381
img_002220.jpg,train,0.7474337183211596,0.43276904854816145,1.0
img_002221.jpg,train,0.6008302384348725,0.36972043086786427,0.7219251757438534
img_002222.jpg,train,0.4180226602455461,0.5452991192339233,1.0
img_002223.jpg,train,0.3699461611617161,0.4775564234078673,0.6003993209056593
img_002224.jpg,train,0.43509921602081486,0.5482895563368646,0.9368807913487488
img_002225.jpg,train,0.5324471700696808,0.41229238634015,0.735970492828649
img_002226.jpg,train,0.5221516505795631,0.5996437320998971,0.7889979258198451
img_002227.jpg,train,0.4999660843769546,0.5300714494421972,1.0
img_002228.jpg,train,0.7698193732385086,0.5025283552666474,0.9686858020003067
img_002229.jpg,train,0.6958549544528282,0.39067853870985036,0.8960603889722475
img_002230.jpg,train,0.7225549044303108,0.49491312458440095,1.0
img_002231.jpg,train,0.5546254795549875,0.47206163611471474,0.7543215850404787
img_002232.jpg,train,0.684968880437101,0.5201972192213677,1.0
img_002233.jpg,train,0.43921700543749287,0.6958120540979448,1.0
img_002234.jpg,train,0.38263054247777567,0.40696929351138483,0.9280020290182439
img_002235.jpg,train,0.4203793100187159,0.41319458456786,0.7894797622606329
img_002236.jpg,train,0.41348702894411443,0.5291317834387145,0.7044098069660857
img_002237.jpg,train,0.6918150549293722,0.44996134100635804,1.0
img_002238.jpg,train,0.729595531252791,0.5744749327518814,0.6620403484772239
img_002239.jpg,train,0.6621262089537258,0.6020212239461937,0.7545410126510629
img_002240.jpg,train,0.6682303871351585,0.727102151031693,1.0
img_002241.jpg,train,0.6988142574495213,0.6086148002745434,0.597854658531178
img_002242.jpg,train,0.7025980990892576,0.7495556435068477,1.0
img_002243.jpg,train,0.639351740466411,0.4073957814956062,0.6935071071661209
img_002244.jpg,train,0.42197435775799647,0.38682385253122886,0.9864544822007809
img_002245.jpg,train,0.45396758296146933,0.4860693703244056,0.7029008008750571
img_002246.jpg,train,0.5656723619026042,0.7140799245000373,0.953812387217791
img_002247.jpg,train,0.7391700133275564,0.5736155443572776,1.0
img_002248.jpg,train,0.6644471346162292,0.7167047420264359,0.6972551050939628
img_002249.jpg,train,0.7275361386053949,0.7761198248049895,0.7199680224577552
img_002250.jpg,train,0.6909848384633603,0.385536563712102,0.6828782556760201
img_002251.jpg,train,0.5389591530852397,0.6227722570195627,0.8619073068450371
img_002252.jpg,train,0.6333876909779578,0.44687429154121805,0.935459463214052
img_002253.jpg,train,0.4731691647048324,0.6802792303165169,0.6082441744033404
img_002254.jpg,train,0.6606343839956296,0.7506645228557186,0.7763820327803934
img_002255.jpg,train,0.5140224999291972,0.5117557109569241,0.7322220183200291
img_002256.jpg,train,0.5813952040027498,0.4233456892926542,0.6192539657322147
img_002257.jpg,train,0.4791678570872211,0.7208071195738653,0.7733897873010711
img_002258.jpg,train,0.5963035234742051,0.5357146940227425,0.636174861517967
img_002259.jpg,train,0.6221911108218943,0.44251067244674064,0.6714669909535673
img_002260.jpg,train,0.4594046538004067,0.44254476620075484,0.6174768555637984
img_002261.jpg,train,0.4758355755196811,0.6659730171909772,0.6274015807763
img_002262.jpg,train,0.42646502748864057,0.4496843421242615,0.7802149309378091
img_002263.jpg,train,0.5501782722289429,0.42732542272878343,0.775501817219031
img_002264.jpg,train,0.3968293134888217,0.4463239349885888,0.5901583444756758
img_002265.jpg,train,0.38022617699874156,0.5062839051737775,1.0
img_002266.jpg,train,0.5213823290754199,0.46254568782903344,1.0
img_002267.jpg,train,0.681617150542234,0.4042934988435574,0.6052558925629931
img_002268.jpg,train,0.7267010388193557,0.3749725392603633,1.0
img_002269.jpg,train,0.3768061216698045,0.41068405392759066,0.7118927422827039
img_002270.jpg,train,0.7014368246224748,0.4182309568448977,0.625472247933573
img_002271.jpg,train,0.5204151630505042,0.6658636148023169,0.7960202006397178
img_002272.jpg,train,0.7545786486032706,0.5454418378192005,0.6010274455305578
img_002273.jpg,train,0.5626597687920668,0.5178152832948367,0.8174295944518635
img_002274.jpg,train,0.741343220759783,0.564852559243426,0.7902627131311408
img_002275.jpg,train,0.700269386205909,0.39644157019573284,1.0
img_002276.jpg,train,0.7522539516478837,0.5011372795631454,0.7687148429073561
img_002277.jpg,train,0.4440247432965149,0.7468815583325804,0.9298405184710848
img_002278.jpg,train,0.460141029707309,0.46210372158427077,0.8387226462755684
img_002279.jpg,train,0.5619448119422062,0.6440438715627826,1.0
img_002280.jpg,train,0.652088732450815,0.514081618022575,0.6231024134068119
img_002281.jpg,train,0.6747647871855528,0.6084279790221775,0.8025552749632289
img_002282.jpg,train,0.6466212019223608,0.47923522519403255,0.8230630136653644
img_002283.jpg,train,0.7528067875624015,0.7153025767305706,1.0
img_002284.jpg,train,0.4709188998503933,0.47670610490490084,0.6895065780738583
img_002285.jpg,train,0.4378932395088612,0.5964927722390693,1.0
img_002286.jpg,train,0.589075509345632,0.37604177784090326,0.6124619639881452
img_002287.jpg,train,0.7081978027741701,0.675453874580095,0.9999184460620787
img_002288.jpg,train,0.5905502385509322,0.7696042008461562,1.0
img_002289.jpg,train,0.5032226576103723,0.4389010309663542,1.0
img_002290.jpg,train,0.3718326735038251,0.6402882776119944,0.5961861917164851
img_002291.jpg,train,0.37614226289069164,0.4736800619129813,0.8736826384267241
img_002292.jpg,train,0.6325233798323144,0.39943838813047766,1.0
img_002293.jpg,train,0.6411762050752463,0.6147397770641732,0.597857066228696
img_002294.jpg,train,0.3746590237024415,0.6537479470735866,1.0
img_002295.jpg,train,0.450483890544404,0.5195152804101141,0.7039316066733492
img_002296.jpg,train,0.607409665605144,0.6716799930170413,0.8859745672975093
img_002297.jpg,train,0.4199674536819685,0.5433338951645523,0.9745609971468353
img_002298.jpg,train,0.7682767183051168,0.5234478563160826,0.8232778278731545
img_002299.jpg,train,0.48285293188700357,0.4014515470700489,0.8988574346142632
img_002300.jpg,train,0.6299589818024317,0.5077861968010414,0.801450122935593
img_002301.jpg,train,0.531487048023325,0.7355990584465494,0.6834393570243412
img_002302.jpg,train,0.5377120626402173,0.6059381509205108,0.8319626531924881
img_002303.jpg,train,0.45233049643820405,0.3740060832097643,0.7161909377266169
img_002304.jpg,train,0.6001534106251829,0.5620406134996837,1.0
img_002305.jpg,train,0.4147591078180232,0.6579098355544631,1.0
img_002306.jpg,train,0.6655468893777764,0.3835732513219785,0.719364278423119
img_002307.jpg,train,0.7046378371882677,0.6422315320654771,1.0
img_002308.jpg,train,0.4004844165971398,0.5437017752688055,1.0
img_002309.jpg,train,0.6137705081689103,0.49370875018614296,0.5992364413376148
img_002310.jpg,train,0.549612324521632,0.755059766631029,0.6507917706844638
img_002311.jpg,train,0.6979955682221918,0.6099600511119317,0.636780086765281
img_002312.jpg,train,0.6221094913878892,0.7712774184240883,0.906350540841348
img_002313.jpg,train,0.5812547210056892,0.5781494138375124,0.8826116231341651
img_002314.jpg,train,0.5474196674009022,0.5108128120983149,0.6909007942255159
img_002315.jpg,train,0.4418346464624183,0.42093090506799485,1.0
img_002316.jpg,train,0.4265768471300346,0.7113321932313275,1.0
img_002317.jpg,train,0.7407658167085646,0.7643110312830633,1.0
img_002318.jpg,train,0.7050741542248509,0.41390993852905494,0.7583212532413457
img_002319.jpg,train,0.458863686055864,0.5105958530937412,0.6113276562894627
img_002320.jpg,train,0.5426200215650124,0.6049063835920792,0.8210799346743959
img_002321.jpg,train,0.6810483934943153,0.39895956149116296,1.0
img_002322.jpg,train,0.46036224176246127,0.4782935178226914,0.657792383371881
img_002323.jpg,train,0.442101567544207,0.5841652740514699,1.0
img_002324.jpg,train,0.5907538637365244,0.4734399149936241,0.8355335956572016
img_002325.jpg,train,0.6296504288538101,0.5197824843485259,0.9540819597244804
img_002326.jpg,train,0.39071841768639076,0.3965557716974109,1.0
img_002327.jpg,train,0.36914941477584967,0.6569853793411365,0.7161712424576722
img_002328.jpg,train,0.4457176954227286,0.4458059695312045,0.6448121410959047
img_002329.jpg,train,0.42158039429925614,0.6404065733934363,0.6431731048006514
img_002330.jpg,train,0.7587120649612195,0.6638093452931183,0.6048085894575359
img_002331.jpg,train,0.6228187225628257,0.4335842516066184,0.7658547551127776
img_002332.jpg,train,0.5208428621356118,0.39516029616262305,0.6232106364056818
img_002333.jpg,train,0.4840038077380299,0.47797267564530604,1.0
img_002334.jpg,train,0.662954464514248,0.5323452431123737,0.6108619248183607
img_002335.jpg,train,0.4313879031964241,0.45449019064516305,0.8753335117292196
img_002336.jpg,train,0.4952678004434232,0.5981546138770084,0.613152225781042
img_002337.jpg,train,0.45393957328054374,0.49622494827362296,0.9930682204536844
img_002338.jpg,train,0.7140286433730574,0.5755327648245515,0.7831307444244205
img_002339.jpg,train,0.6219926902648343,0.3953405267653622,1.0
img_002340.jpg,train,0.4522641747521619,0.4082965473723001,0.6974651890014627
img_002341.jpg,train,0.4711516465844743,0.7644981834872483,1.0
img_002342.jpg,train,0.5781208557699244,0.40235245190797214,0.6327220794777662
img_002343.jpg,train,0.5229753066875329,0.6471988759192788,0.7034927766758494
img_002344.jpg,train,0.6702846561939483,0.6977768534498735,1.0
img_002345.jpg,train,0.44700174490868755,0.4698635166314104,0.9062495444647002
img_002346.jpg,train,0.42516403139785613,0.5880060116469722,0.616655942627534
img_002347.jpg,train,0.5949503322523476,0.6546341940570787,0.7609597914236492
img_002348.jpg,train,0.3878545241796825,0.7606239890851493,1.0
img_002349.jpg,train,0.3816358798019655,0.5722689298477084,0.7367175863026371
img_002350.jpg,train,0.687409207902438,0.597115267204137,0.8170569010818428
img_002351.jpg,train,0.5681121645233085,0.4108935358292826,0.6348842956567288
img_002352.jpg,train,0.5144348510290887,0.4279846520295412,0.7327855399832363
img_002353.jpg,train,0.7500684722767442,0.4518962290188367,0.887085860171211
img_002354.jpg,train,0.593593975894398,0.5338700941773156,0.8967762549567706
img_002355.jpg,train,0.5091594050050677,0.4688498278249238,0.8016563519239789
img_002356.jpg,train,0.4929636324783613,0.6937403068743982,1.0
img_002357.jpg,train,0.5038836370662952,0.6088222474545003,0.9941512410177152
img_002358.jpg,train,0.4428221281536113,0.5172837904517928,0.6156820120716925
img_002359.jpg,train,0.699659713670126,0.4805974277913208,0.8762264254116406
img_002360.jpg,train,0.47128059429873437,0.3852738947120791,0.7262014543620984
img_002361.jpg,train,0.5657916000486267,0.4138450066537809,0.6945628034145974
img_002362.jpg,train,0.6302451926140465,0.4558316709722428,0.9253577556523088
img_002363.jpg,train,0.6077563997782831,0.6876597941865122,0.9935372017924278
img_002364.jpg,train,0.7592096028275049,0.374944918071167,0.5937320315114012
img_002365.jpg,train,0.5523215148388346,0.588120794223517,0.7988349202492483
img_002366.jpg,train,0.5432662039337858,0.4676065057688323,1.0
img_002367.jpg,train,0.45538547333547524,0.6818811663609554,0.7130255850924753
img_002368.jpg,train,0.540588233212795,0.7400954883807347,0.6461316835058053
img_002369.jpg,train,0.3956588442753673,0.3743341082828214,1.0
img_002370.jpg,train,0.6174251750980856,0.5942612597377619,1.0
img_002371.jpg,train,0.38529692455152215,0.5551560915785632,0.6647942881653595
img_002372.jpg,train,0.7581233466189433,0.38900133619191973,1.0
img_002373.jpg,train,0.5276271950007394,0.46517061621212824,0.6735996483649588
img_002374.jpg,train,0.5705657123145184,0.5681167655532441,0.6395833768244673
img_002375.jpg,train,0.708611165657029,0.6128119052710533,0.9040919076331011
img_002376.jpg,train,0.48796813479777335,0.5431554419171545,0.6662061669120932
img_002377.jpg,train,0.3981834761587549,0.7110077529486653,1.0
img_002378.jpg,train,0.6105173492182784,0.4969890058587292,0.6641861493017284
img_002379.jpg,train,0.43456353057896296,0.40729951872839837,0.810752831583394
img_002380.jpg,train,0.44354965340461644,0.6809090424152031,0.6849544870625777
img_002381.jpg,train,0.5824041486922091,0.5244534566223824,0.9893610738763139
img_002382.jpg,train,0.4945258972135462,0.7138977412908192,1.0
img_002383.jpg,train,0.37444413386292874,0.4397224294237154,0.7241130127335975
img_002384.jpg,train,0.42802416372607865,0.6598316757092605,0.5989766816303895
img_002385.jpg,train,0.3807994253651186,0.7545107581369663,0.795707842760448
img_002386.jpg,train,0.4610943901570101,0.5550721604690757,1.0
img_002387.jpg,train,0.3782939155544911,0.4886245108458871,0.6260073649471439
img_002388.jpg,train,0.5259565419705359,0.44450984786422065,0.8152785655300875
img_002389.jpg,train,0.6355066343599054,0.3872198928081456,0.9735773560920921
img_002390.jpg,train,0.5137211454253977,0.4874324693195316,1.0
img_002391.jpg,train,0.5072322964315196,0.5073525449081774,0.6040203543373425
img_002392.jpg,train,0.56387829558538,0.5018791054096171,0.6902985868101829
img_002393.jpg,train,0.588904752333885,0.7525251622159178,0.6271545874423967
img_002394.jpg,train,0.5424308366823195,0.44683323387650553,0.795844065221973
img_002395.jpg,train,0.6007187346570587,0.4100502977800791,1.0
img_002396.jpg,train,0.5103122801904765,0.6406015252871082,0.5925663810556597
img_002397.jpg,train,0.613499665329961,0.6360711013977176,0.7017145949279907
img_002398.jpg,train,0.776095482801069,0.5033478187701742,0.7441710072054685
img_002399.jpg,train,0.4912760861705954,0.7173689129613324,0.9833018926993272
img_002400.jpg,train,0.6715964647828265,0.4654499464916304,0.8835496318092398
img_002401.jpg,train,0.3715936698376285,0.551550866671144,0.6452490725927262
img_002402.jpg,train,0.6206366978551765,0.5711933745164828,0.6245458775911237
img_002403.jpg,train,0.577180907990607,0.6391459096999937,0.7822535901637563
img_002404.jpg,train,0.3960789790097932,0.5106028585830154,0.8592096692782691
img_002405.jpg,train,0.6260552902178552,0.44711121215132027,0.6980282729407529
img_002406.jpg,train,0.4221591242748284,0.5027291701349328,0.6880403480680308
img_002407.jpg,train,0.3853657017589698,0.6492508068148766,0.933145112640648
img_002408.jpg,train,0.3726520855516992,0.6598310164401808,1.0
img_002409.jpg,train,0.4329264586205614,0.699621322052823,0.9141889457187864
img_002410.jpg,train,0.3969246726815512,0.6099657011504096,0.7625146623386205
img_002411.jpg,train,0.5403207691057235,0.3906252358481706,0.9931446747903843
img_002412.jpg,train,0.44629513471746546,0.5023039451387757,0.8150672033978259
img_002413.jpg,train,0.4632378676916818,0.6625648055807362,0.768170169660524
img_002414.jpg,train,0.6283818468539722,0.6432074703089304,0.6394475030112375
img_002415.jpg,train,0.6272928651112224,0.3902830685605238,0.967703958371176
img_002416.jpg,train,0.5729865713294912,0.4334120205224159,0.7420075564038013
img_002417.jpg,train,0.6706725908853809,0.4243466543551004,1.0
img_002418.jpg,train,0.5111626050522995,0.4847442764952996,0.8791621149122656
img_002419.jpg,train,0.6879392698729001,0.49634947413105257,0.8351678444049853
img_002420.jpg,train,0.6508377097039184,0.4685082351709542,0.6323795877486801
img_002421.jpg,train,0.48679828155927635,0.7748118482930891,0.9904791971484113
img_002422.jpg,train,0.589911244364977,0.7746472368674429,0.7781277512736122
img_002423.jpg,train,0.43410728243033453,0.4815857612794428,1.0
img_002424.jpg,train,0.460448597859522,0.6667917453562598,0.8831096539480845
img_002425.jpg,train,0.43374658924045634,0.4654931291351582,0.7240534145780405
img_002426.jpg,train,0.44855043135732675,0.5143767718759373,0.8451205941129942
img_002427.jpg,train,0.6828309479574927,0.5063086000667586,0.923317285478101
img_002428.jpg,train,0.39350017645935065,0.7737960518685024,0.8723408660700265
img_002429.jpg,train,0.7529133923853654,0.6387223053556618,0.962973471945404
img_002430.jpg,train,0.49629159750403185,0.3954936208440977,0.6630207575170279
img_002431.jpg,train,0.5625320171289396,0.5284886214764449,1.0
img_002432.jpg,train,0.5348925350691817,0.39122065376727216,1.0
img_002433.jpg,train,0.7140027192399612,0.3940902238117883,1.0
img_002434.jpg,train,0.7161967115701685,0.503469517229692,0.712331142760736
img_002435.jpg,train,0.5900271304812161,0.5165822690070279,0.7329418107437469
img_002436.jpg,train,0.7185854489429501,0.6147979185769089,1.0
img_002437.jpg,train,0.4637219126446353,0.6911611189453494,0.8903097629834478
img_002438.jpg,train,0.47795470404757623,0.7773909333738048,0.6004518035813722
img_002439.jpg,train,0.4821876129241612,0.4151274491119725,0.7776850160752771
img_002440.jpg,train,0.7087043380960446,0.6506295285630243,0.7893892691191643
img_002441.jpg,train,0.5946280419676647,0.38569075525514007,0.8244805575242886
img_002442.jpg,train,0.42919537233503036,0.7739453883229922,0.6373713355281123
img_002443.jpg,train,0.3739371284742335,0.5952609551877813,1.0
img_002444.jpg,train,0.5062228628668713,0.5516767521427882,0.9320236667326892
img_002445.jpg,train,0.5667786116592622,0.5538095278626575,0.5929236154176915
img_002446.jpg,train,0.7758507303914732,0.42833500962646304,0.6164694188163622
img_002447.jpg,train,0.5794429149726991,0.6213160449815928,1.0
img_002448.jpg,train,0.7108738787082732,0.4146095327214033,1.0
img_002449.jpg,train,0.372941340564999,0.3868537913719153,0.916082387118006
img_002450.jpg,train,0.6955320619906139,0.5064892020278906,0.8152130750292234
img_002451.jpg,train,0.4791085900502308,0.603864867329642,0.6377171547741095
img_002452.jpg,train,0.6567352462949003,0.48042390079043074,0.9667064065885527
img_002453.jpg,train,0.5884726495803712,0.44111897971080083,0.79189455634501
img_002454.jpg,train,0.633198009772414,0.3919431367183213,0.6090771448979593
img_002455.jpg,train,0.6986975532276869,0.4842679387315904,1.0
img_002456.jpg,train,0.6882477450926417,0.6777398393658863,0.6010168218987267
img_002457.jpg,train,0.5160627182282443,0.5756853825296111,0.8301233796459054
img_002458.jpg,train,0.7770615226586425,0.45905467695977037,0.9600187275665624
img_002459.jpg,train,0.44343690162723143,0.4261459779569045,1.0
img_002460.jpg,train,0.45875051468467215,0.6491994524295733,1.0
img_002461.jpg,train,0.5392985898822844,0.4163295233574093,0.8172260123673029
img_002462.jpg,train,0.5131694570876414,0.7763074538540863,0.8501575010815319
img_002463.jpg,train,0.7003859563770313,0.3930425577733496,1.0
img_002464.jpg,train,0.6887714318171135,0.5139370440342385,1.0
img_002465.jpg,train,0.5740843271400592,0.7204496798834761,0.8514260037479363
img_002466.jpg,train,0.626846484863013,0.4223422598299436,0.6842743682920088
img_002467.jpg,train,0.6613198687205496,0.42131571416533725,1.0
img_002468.jpg,train,0.3780918847598141,0.3686035055907834,0.9842040274577436
img_002469.jpg,train,0.42063958328650425,0.5692083361199075,0.6764563221678487
img_002470.jpg,train,0.7170718544862978,0.6450034942968624,0.9635075854069995
img_002471.jpg,train,0.46889891114599774,0.7442381727042212,0.9954158966063565
img_002472.jpg,train,0.45726203861005255,0.436590950901562,0.8884758861304703
img_002473.jpg,train,0.5291728412738633,0.5588833190658211,0.8908384884287172
img_002474.jpg,train,0.7189291595848374,0.5224414255571835,0.9127804252690848
img_002475.jpg,train,0.37392905475735266,0.4726850463362274,1.0
img_002476.jpg,train,0.380801462361455,0.40760938485740583,0.9022695639967548
img_002477.jpg,train,0.5830575813244588,0.7200600934160145,0.6246533191147833
img_002478.jpg,train,0.4105490485763779,0.6892599686935325,0.639703579005887
img_002479.jpg,train,0.4961420447636045,0.6620831101826198,1.0
img_002480.jpg,train,0.6544570311198891,0.6275250047101673,0.9690177550376446
img_002481.jpg,train,0.6366352377105379,0.4267138498573592,0.8257753291717791
img_002482.jpg,train,0.49338834764402756,0.7215017598229568,0.9319156081471645
img_002483.jpg,train,0.6021776956891242,0.6440487985261809,0.8167929400529653
img_002484.jpg,train,0.5238927755351545,0.507387743690153,1.0
img_002485.jpg,train,0.39792287313594654,0.45818772921011064,0.6552611119170993
img_002486.jpg,train,0.47071351530801336,0.6559984176445551,0.8148364947193667
img_002487.jpg,train,0.3783180630737408,0.5440151247883843,1.0
img_002488.jpg,train,0.5108989680099221,0.6250993543899516,0.8830182374347858
img_002489.jpg,train,0.41868426535083786,0.4439244245804799,0.6627228184737941
img_002490.jpg,train,0.4549713922716583,0.4850381070266705,0.6598527918033623
img_002491.jpg,train,0.6214508640197666,0.683464554296764,0.6543350617350969
img_002492.jpg,train,0.5147778087824227,0.4039983040684089,0.7830876034849504
img_002493.jpg,train,0.6729712111061836,0.5237756724275141,0.6739820605671966
img_002494.jpg,train,0.5175831991768431,0.6058560945013599,0.5904755817648718
img_002495.jpg,train,0.4057843166444317,0.4960001660578898,0.9582177021564109
img_002496.jpg,train,0.3697929750697198,0.5414287968628432,0.9111209460479145
img_002497.jpg,train,0.4419377802875141,0.38318304235254647,0.6015453662340479
img_002498.jpg,train,0.4339715333543577,0.37424322727412324,0.8814726500737493
img_002499.jpg,train,0.5341848753391917,0.6079623803127276,0.714810902767206
img_002500.jpg,train,0.44227733158470245,0.578757086054469,0.9249274695760948
img_002501.jpg,train,0.5298850298313692,0.3907636591841759,0.634148087390721
img_002502.jpg,train,0.6065891783718627,0.7062068283350528,0.7998685143894235
img_002503.jpg,train,0.7526006369165291,0.45337712760141774,0.6278400562997115
img_002504.jpg,train,0.6499033323996369,0.53265523158986,0.8403788846768293
img_002505.jpg,train,0.3733095353686444,0.6308516397676821,0.6399226984083138
img_002506.jpg,train,0.7466799960883151,0.6120609488243693,0.609216087159852
img_002507.jpg,train,0.4880339727794179,0.3872385991274032,0.6773811067245822
img_002508.jpg,train,0.37347994351779157,0.6019427228097601,0.8316598247933007
img_002509.jpg,train,0.5579217006668382,0.7187460750174709,0.6325123557908694
img_002510.jpg,train,0.5140109086235213,0.6964808885347339,0.9637151718333916
img_002511.jpg,train,0.49241662889620824,0.3802599200839267,1.0
img_002512.jpg,train,0.6550929041180966,0.5363891111742122,0.9235067881909358
img_002513.jpg,train,0.5737977571716244,0.3733536224063066,0.7365047849409233
img_002514.jpg,train,0.37604058331582807,0.7658910318926656,0.6818600381931116
img_002515.jpg,train,0.4875472451576341,0.558178510283145,0.7430295331845673
img_002516.jpg,train,0.7051978166860882,0.38702339749851467,0.7493005638356666
img_002517.jpg,train,0.6772106009258737,0.6739958263476477,0.9584010404559097
img_002518.jpg,train,0.6664326856120156,0.3693596356855913,0.8504928543241562
img_002519.jpg,train,0.4149280950221333,0.69175787210877,0.5967452486574933
img_002520.jpg,train,0.7725577851302918,0.530245363478107,0.8639221400512068
img_002521.jpg,train,0.4506421898951077,0.7189298073189322,0.8412735429397283
img_002522.jpg,train,0.6062110101295036,0.442619174020163,0.5992419507811465
img_002523.jpg,train,0.7655167335508638,0.7175727611904512,0.7973693568851716
img_002524.jpg,train,0.5487509535938252,0.7063143144057397,1.0
img_002525.jpg,train,0.37583868272112103,0.4591289709974264,0.787059878141798
img_002526.jpg,train,0.4210470672136631,0.6797567474098821,1.0
img_002527.jpg,train,0.44208205014753926,0.3953148391786769,0.6122246798996139
img_002528.jpg,train,0.5465356163409489,0.5207194363298832,0.7263589866857664
img_002529.jpg,train,0.4922415045778403,0.6393124469369592,1.0
img_002530.jpg,train,0.4981402477214072,0.38575684104869445,0.867549863786072
img_002531.jpg,train,0.41877965407988177,0.4210242183000295,0.6741567171092306
img_002532.jpg,train,0.37024945261445374,0.7004912772984836,0.882516590525516
img_002533.jpg,train,0.4853374708818494,0.48891971508930815,1.0
img_002534.jpg,train,0.765004088695543,0.5234679393367611,0.620470855262288
img_002535.jpg,train,0.5753317604995876,0.40068293710300623,1.0
img_002536.jpg,train,0.7287334078630678,0.6852261992331039,0.6442948933878748
img_002537.jpg,train,0.746542756311881,0.7202204083633809,0.9258099262978934
img_002538.jpg,train,0.7277701726795155,0.4648148968237025,0.6233907589925547
img_002539.jpg,train,0.3829677214564975,0.3926501744155953,0.8081580094637696
img_002540.jpg,train,0.5373120514572625,0.6338179586925138,0.9302939476144053
img_002541.jpg,train,0.6582121864447467,0.552373900308881,0.7563283380252015
img_002542.jpg,train,0.5026560362135619,0.384239606435058,0.7899998897113915
img_002543.jpg,train,0.4296821196812499,0.5261807228169154,0.7921408570883364
img_002544.jpg,train,0.5520760159912922,0.40856463494812995,1.0
img_002545.jpg,train,0.6429311876738982,0.4186599046942205,0.787744597431289
img_002546.jpg,train,0.5234554906460106,0.42435451909311883,1.0
img_002547.jpg,train,0.7533752691345855,0.37225041399156833,0.7370270426132631
img_002548.jpg,train,0.45370846477924437,0.6015197900778405,0.9170636941059644
img_002549.jpg,train,0.47710396519730053,0.425008274434318,0.6616513152745271
img_002550.jpg,train,0.4154895930321795,0.48258636886035866,0.7045615700226459
img_002551.jpg,train,0.3905862696212166,0.5137939314033172,0.7233622685628073
img_002552.jpg,train,0.4962132881534574,0.451184419560368,0.8515864817493077
img_002553.jpg,train,0.705321040424669,0.5707395439175417,0.6823505841362428
img_002554.jpg,train,0.5364238055872995,0.6608821874097096,0.7943965662798121
img_002555.jpg,train,0.5522466256779898,0.6661339931878204,0.6458578297514177
img_002556.jpg,train,0.7211715432985261,0.6008895331923272,0.8138870254369784
img_002557.jpg,train,0.6245516807376092,0.38816512645590767,0.6629956825060221
img_002558.jpg,train,0.629407577636539,0.3738262801020899,0.6182215735626142
img_002559.jpg,train,0.41132717168918864,0.4130856143679386,0.6962490538786915
img_002560.jpg,train,0.6063226863108899,0.40595790261658166,1.0
img_002561.jpg,train,0.7215048376645176,0.5542444871897487,1.0
img_002562.jpg,train,0.40828112281238793,0.5020360006045027,0.6420175190147978
img_002563.jpg,train,0.4580069645227424,0.6496649380120164,0.821880185583069
img_002564.jpg,train,0.6337711303448622,0.7292247902934346,0.6270846363652133
img_002565.jpg,train,0.5780052015096669,0.7356414003553572,0.7926891774054283
img_002566.jpg,train,0.48296445604006405,0.5889199147415788,0.8477933808986842
img_002567.jpg,train,0.7487662194994441,0.6082796344425764,0.9494090625062555
img_002568.jpg,train,0.43176250649093745,0.4658291698338495,0.7759321629580679
img_002569.jpg,train,0.49767217351620713,0.5987340641057118,0.8731341541834021
img_002570.jpg,train,0.5074154427328749,0.6132838735996455,1.0
img_002571.jpg,train,0.651156513316601,0.43749739082171574,0.676398021302205
img_002572.jpg,train,0.3812177871808619,0.5952997785958685,0.892536043440228
img_002573.jpg,train,0.652960731127714,0.6883212999039326,1.0
img_002574.jpg,train,0.7605943918136996,0.46866691704094415,0.8883070795911271
img_002575.jpg,train,0.538865334731092,0.5154892052328494,0.7856903098511808
img_002576.jpg,train,0.5579192324616812,0.3999046566102815,0.9622027675558987
img_002577.jpg,train,0.6307427433666576,0.722124269574966,1.0
img_002578.jpg,train,0.5365152817058111,0.5352362383311786,1.0
img_002579.jpg,train,0.712088861463128,0.4854737604503394,0.6001175914195312
img_002580.jpg,train,0.6546508962206131,0.3978586916830511,1.0
img_002581.jpg,train,0.37264172291385583,0.38842835303089523,0.7907118467807766
img_002582.jpg,train,0.6876117589124836,0.5107029170103886,0.6769935971160652
img_002583.jpg,train,0.3940681257565397,0.4601933575578137,0.8096031729967301
img_002584.jpg,train,0.6987185839607943,0.6474716465799898,0.7601707671362363
img_002585.jpg,train,0.7470632066440667,0.5777712858872328,0.6035034037098215
img_002586.jpg,train,0.6582224528090935,0.6031797581459126,0.7030076864790766
img_002587.jpg,train,0.383391094680056,0.4377965485945188,1.0
img_002588.jpg,train,0.48813494589214573,0.46443578206049513,0.894375269515334
img_002589.jpg,train,0.5093741479156876,0.5264751304074342,0.888308958399673
img_002590.jpg,train,0.3785722918209478,0.7603018322080644,0.685412550581476
img_002591.jpg,train,0.4333068381224754,0.639851914568283,0.7063494147082565
img_002592.jpg,train,0.3845452916370175,0.4429999159660259,0.7349297177553626
img_002593.jpg,train,0.6379087911761906,0.47407140756232424,0.9999067481996101
img_002594.jpg,train,0.7578063168215753,0.4958524777517949,0.8159327499161826
img_002595.jpg,train,0.5007919739696368,0.6723173264891881,0.6073011189140837
img_002596.jpg,train,0.5579360502646077,0.6360103007034953,0.6991112766527873
img_002597.jpg,train,0.6834645669845006,0.5282070469165782,0.6205719456940171
img_002598.jpg,train,0.4012237188689804,0.5811011462543846,1.0
img_002599.jpg,train,0.3784167709619209,0.4417097198466469,0.5941301577899588
img_002600.jpg,train,0.5508858464056573,0.5676010920610152,0.6166526372860329
img_002601.jpg,train,0.7262129443838928,0.4352791685580182,0.8534285132175518
img_002602.jpg,train,0.7270552270788357,0.4406995603034359,0.6178020479363688
img_002603.jpg,train,0.6903800285574425,0.6892420433212632,0.7432026880577851
img_002604.jpg,train,0.5535205310813035,0.468859278129369,0.9627212596214441
img_002605.jpg,train,0.6124223494496124,0.5837743376265778,1.0
img_002606.jpg,train,0.5414517314213122,0.5732649743769017,0.8289649253881464
img_002607.jpg,train,0.6609467294817964,0.4003546763359414,0.7458623265373993
img_002608.jpg,train,0.3705203533447077,0.6226003715110338,0.7915515952847957
img_002609.jpg,train,0.37299669852341505,0.5678463394806134,1.0
img_002610.jpg,train,0.45687563746430665,0.7734391634951194,0.6091405206370113
img_002611.jpg,train,0.7773547436511791,0.64777666699907,0.8647788358556936
img_002612.jpg,train,0.5880443755828105,0.5966715919108808,0.981569662521971
img_002613.jpg,train,0.4867814184504023,0.6580257389962406,0.8045771397142749
img_002614.jpg,train,0.4116671966500662,0.5685821946948023,0.8096540213546022
img_002615.jpg,train,0.7449779645522557,0.5777535817365931,0.6203259287535151
img_002616.jpg,train,0.6432802598248899,0.38792706795331133,0.6976447860667143
img_002617.jpg,train,0.5809403944349628,0.7000123147113229,0.6900015722088493
img_002618.jpg,train,0.7453013599027508,0.5552952401652588,0.8362094112663875
img_002619.jpg,train,0.4196997737598471,0.42457031039802057,1.0
img_002620.jpg,train,0.5182981923782389,0.7147839389218843,1.0
img_002621.jpg,train,0.6065640177182167,0.3791249685730496,0.6637295132987618
img_002622.jpg,train,0.4136035364235388,0.3888734617125637,0.7816476635713631
img_002623.jpg,train,0.43104564692266756,0.5946429309665254,1.0
img_002624.jpg,train,0.6507054172533956,0.7242454950213083,0.6614299325039465
img_002625.jpg,train,0.40013356339514566,0.39233528265336703,0.8816847487289365
img_002626.jpg,train,0.3929307857341214,0.4618580468480736,1.0
img_002627.jpg,train,0.40070504821995395,0.7155499028591393,0.8131619922566296
img_002628.jpg,train,0.4211389315298712,0.5788349040668476,0.6752608657422005
img_002629.jpg,train,0.6096528274047225,0.5032080313443018,1.0
img_002630.jpg,train,0.44405931825318207,0.5362790913700275,0.6106373436952238
img_002631.jpg,train,0.5837793174254746,0.5034631462438272,0.6417156797886476
img_002632.jpg,train,0.5098209758770915,0.4890798838737133,0.7622797188382562
img_002633.jpg,train,0.5973751751570315,0.39353715710403314,1.0
img_002634.jpg,train,0.4024506749156778,0.40428350638104354,0.6804130739662291
img_002635.jpg,train,0.4950619551066686,0.6308629611651341,0.949848425564996
img_002636.jpg,train,0.6932629437470279,0.7104206867169376,0.7226965292395183
img_002637.jpg,train,0.3990905062188914,0.7481143570233403,0.7770421430170587
img_002638.jpg,train,0.520647911788525,0.6332784066249971,0.6597116842516255
img_002639.jpg,train,0.5982393810099196,0.5506477486503462,0.6022183543951182
img_002640.jpg,train,0.5704116587133009,0.5325659572698939,1.0
img_002641.jpg,train,0.7709829959391522,0.4076049413392508,1.0
img_002642.jpg,train,0.5657093712637541,0.4893080925544919,0.8595943905254858
img_002643.jpg,train,0.3735445316693465,0.6276464668622536,0.6282404382542388
img_002644.jpg,train,0.665981655251524,0.5610942546132375,0.7519696180440717
img_002645.jpg,train,0.5128445818521787,0.5830010938924192,0.9293587444926527
img_002646.jpg,train,0.7774897599266954,0.4575248434873663,1.0
img_002647.jpg,train,0.45356417606235366,0.42488171350238807,0.7592950203295276
img_002648.jpg,train,0.3833166894319304,0.5461398976533073,1.0
img_002649.jpg,train,0.38406524634802325,0.37394920023726347,0.5983885386921787
img_002650.jpg,train,0.39351961790871154,0.45272142834506673,0.9658389562293006
img_002651.jpg,train,0.6534030262427035,0.49217450101556875,0.7071617173833243
img_002652.jpg,train,0.3770204179280343,0.6366123575946075,0.6023048261150478
img_002653.jpg,train,0.576262087561329,0.5074343997290227,0.626577042439688
img_002654.jpg,train,0.5564531209344984,0.587937738037791,0.6729190960214453
img_002655.jpg,train,0.5283391914424745,0.4272513215569396,0.6246320013354002
img_002656.jpg,train,0.46611380550776654,0.3791884091529211,0.9852613295759974
img_002657.jpg,train,0.394902282276458,0.6099246379474494,0.6997363859519716
img_002658.jpg,train,0.4868003776736248,0.5592240407461014,0.6858372182712079
img_002659.jpg,train,0.4631201514638361,0.6135241599055381,0.9328374671738993
img_002660.jpg,train,0.4004487088497924,0.7310519223561446,0.5990186803326748
img_002661.jpg,train,0.7458938136191167,0.5395802875666122,0.669696365828383
img_002662.jpg,train,0.46757383787681867,0.3751198716889756,0.6994081676093287
img_002663.jpg,train,0.5540149525465576,0.564767345442211,1.0
img_002664.jpg,train,0.406897087438832,0.692591934057913,0.6724518753166683
img_002665.jpg,train,0.4589622855052302,0.7371182176283222,1.0
img_002666.jpg,train,0.47925253475421137,0.4166686150207332,0.9729026758797944
img_002667.jpg,train,0.5527015294749059,0.5596703830867878,0.9829855333911363
img_002668.jpg,train,0.6912330772160712,0.3824312138691696,1.0
img_002669.jpg,train,0.692772889632066,0.41795975377388545,0.9251004971368088
img_002670.jpg,train,0.4137231487302535,0.5970091109200736,1.0
img_002671.jpg,train,0.5724074469223712,0.6794208535711196,1.0
img_002672.jpg,train,0.617559422142201,0.6008806716742979,0.779150667572579
img_002673.jpg,train,0.4498567824674791,0.3848806804677835,0.8761876377325802
img_002674.jpg,train,0.48495059930965506,0.5281195620612414,0.6302791753463882
img_002675.jpg,train,0.5220667382898058,0.6559344101513628,1.0
img_002676.jpg,train,0.6394499394629802,0.4422061745158725,0.6770306629789333
img_002677.jpg,train,0.3736120768196239,0.6053183142782909,0.624928305685015
img_002678.jpg,train,0.6394864390535142,0.4287546564454285,1.0
img_002679.jpg,train,0.40572572014803576,0.7563624692889275,1.0
img_002680.jpg,train,0.5279644033941898,0.3727400541932,0.5989843627773961
img_002681.jpg,train,0.7083419267652564,0.5263606097058816,0.5994779481553097
img_002682.jpg,train,0.6785297455193366,0.5065041637281187,0.7137045808545884
img_002683.jpg,train,0.6349815807392912,0.5722070170291219,0.9074629079071735
img_002684.jpg,train,0.517745783190398,0.48383631302888536,0.9080794281932615
img_002685.jpg,train,0.733219260391265,0.3794072821991407,1.0
img_002686.jpg,train,0.6001159836723934,0.4551149848426211,1.0
img_002687.jpg,train,0.46251519150546255,0.37921578219860513,1.0
img_002688.jpg,train,0.5619715840479684,0.7354446924788888,0.7286279492244109
img_002689.jpg,train,0.44353415528861584,0.4616154102123417,0.6982729640508158
img_002690.jpg,train,0.6293163246144923,0.37220708061616586,0.8604090907145403
img_002691.jpg,train,0.4476821545146186,0.5258490034444585,1.0
img_002692.jpg,train,0.7351575909824906,0.7727716873128586,0.7258670677569619
img_002693.jpg,train,0.6020628238109066,0.38077712774821276,0.934271476873514
img_002694.jpg,train,0.42484534098733634,0.3897597887771361,0.8754038688613257
img_002695.jpg,train,0.4600785021515752,0.39080700015573067,0.6213265036488252
img_002696.jpg,train,0.627863181089686,0.48225108025978186,0.6105040144946907
img_002697.jpg,train,0.46861284325114516,0.4821403744085149,0.6409824435592433
img_002698.jpg,train,0.524032159139533,0.6934998990261971,0.7202994791766466
img_002699.jpg,train,0.49820484296556805,0.392462800711173,0.6237207200874122
img_002700.jpg,train,0.685060579968816,0.5420887336225855,0.6072030875500279
img_002701.jpg,train,0.5317331372169498,0.48531667597411765,0.6051475453058369
img_002702.jpg,train,0.5239966641075084,0.4374479777811868,0.6240874362539164
img_002703.jpg,train,0.46142711827988414,0.5486524093367001,1.0
img_002704.jpg,train,0.6492829530123272,0.4775101578313965,0.6432912151665193
img_002705.jpg,train,0.666720987157758,0.5582045380815649,0.61874210336763
img_002706.jpg,train,0.38547598360997126,0.40203106919305825,0.7989120785734692
img_002707.jpg,train,0.3879067068551896,0.5630947654117008,0.9258974055578914
img_002708.jpg,train,0.43224074595847606,0.7001551945635943,0.5915201203611059
img_002709.jpg,train,0.6174975087454149,0.6080145159136467,0.9701151967551357
img_002710.jpg,train,0.514768958350261,0.4616944407856673,0.926024802065465
img_002711.jpg,train,0.612402329063935,0.6995803099487944,1.0
img_002712.jpg,train,0.4136375511949746,0.5407772064505423,1.0
img_002713.jpg,train,0.5422265522776321,0.46180968699021313,0.633963356838667
img_002714.jpg,train,0.46436051985129206,0.5004401015323713,1.0
img_002715.jpg,train,0.4320626150283287,0.6248477870915728,0.6521058697007818
img_002716.jpg,train,0.6911937264457784,0.5072795390710665,0.604109470792729
img_002717.jpg,train,0.4364182445065983,0.4523564401668998,0.7180484782632715
img_002718.jpg,train,0.38767367446371964,0.3855784117771936,0.8442938380870492
img_002719.jpg,train,0.37631207414799883,0.37815241699468166,1.0
img_002720.jpg,train,0.6672773759725757,0.5847237466508114,0.6428338546449299
img_002721.jpg,train,0.5528900450447279,0.5939685870742829,0.685114683718535
img_002722.jpg,train,0.44016358830173213,0.6104759084284641,0.7775409031846116
img_002723.jpg,train,0.41781171227096703,0.3713508708025473,0.7006946213226921
img_002724.jpg,train,0.5482346633779777,0.5983098559088637,0.6148538846454585
img_002725.jpg,train,0.4851440332396025,0.41255880843437565,1.0
img_002726.jpg,train,0.3712532753192077,0.41396036938522557,1.0
img_002727.jpg,train,0.6133604406196955,0.6064399407106743,0.6658761910928302
img_002728.jpg,train,0.3763020337449305,0.5202185879632281,0.8630773992984315
img_002729.jpg,train,0.3747069137509265,0.6879750835961208,1.0
img_002730.jpg,train,0.43036385262079363,0.4334034182823652,0.9205069057772868
img_002731.jpg,train,0.557730649296233,0.5298320967719263,1.0
img_002732.jpg,train,0.4469997630965173,0.6629517355113169,0.5972024474774118
img_002733.jpg,train,0.5743888297909758,0.5375807878708846,0.7096888320490853
img_002734.jpg,train,0.4520925458064144,0.6568771249543879,0.9967102432001823
img_002735.jpg,train,0.42880995346312306,0.3863763900385632,0.7873649101198918
img_002736.jpg,train,0.4552058641261845,0.7011821706586043,0.8702614769361633
img_002737.jpg,train,0.36849354721206984,0.6420150474792016,0.966868171120192
img_002738.jpg,train,0.4116601998875451,0.6782720759055977,1.0
img_002739.jpg,train,0.6589955625735825,0.6096380011859629,0.9264099688459149
img_002740.jpg,train,0.48092656219632257,0.3912194275829422,1.0
img_002741.jpg,train,0.49147012105084037,0.4963440549312774,0.7466597056869418
img_002742.jpg,train,0.5407265724724265,0.7273547352675799,0.6289604190321838
img_002743.jpg,train,0.5052639223408325,0.5590980218035398,0.9959708724200679
img_002744.jpg,train,0.522990572021754,0.4655725519050254,0.5984502622828685
img_002745.jpg,train,0.45824865527217273,0.7314644166867533,0.9211141031669111
img_002746.jpg,train,0.3942222607748425,0.6765212467976581,0.7194156876407067
img_002747.jpg,train,0.3778179463599711,0.6032578296823489,0.6688130520804584
img_002748.jpg,train,0.6148571077654377,0.6445245952421632,0.6498057602571345
img_002749.jpg,train,0.5807532349470367,0.42192073255088164,0.7491342717661625
img_002750.jpg,train,0.5026661879612974,0.6080807520166996,0.6196553913039575
img_002751.jpg,train,0.6218444894752783,0.47228091109981446,0.722936247751773
img_002752.jpg,train,0.4340390368521138,0.38664476666718334,0.6964048692304602
img_002753.jpg,train,0.38451351080124824,0.5192509974091091,0.9580624187521489
img_002754.jpg,train,0.490421455065877,0.3910105713840785,1.0
img_002755.jpg,train,0.38943171526975046,0.4801518534035287,0.7655096571913151
img_002756.jpg,train,0.46854608447443197,0.6121425785501452,1.0
img_002757.jpg,train,0.5315600893909145,0.4991326279671709,0.6440214111405086
img_002758.jpg,train,0.7110992082508468,0.5429459000895407,0.8105565770372416
img_002759.jpg,train,0.4978673758088747,0.6827896230579031,0.8316507304929405
img_002760.jpg,train,0.3859999105881706,0.3851923607535725,0.9281208791069976
img_002761.jpg,train,0.45460827908633156,0.5481964756433687,1.0
img_002762.jpg,train,0.5363707281090774,0.7503272295830231,0.8470125688558012
img_002763.jpg,train,0.6092057100495983,0.5597083894945206,0.8078163950987752
img_002764.jpg,train,0.4380094471589138,0.44922830254086604,0.6226116196811631
img_002765.jpg,train,0.4657497441055565,0.43227297492582845,0.6011327954541559
img_002766.jpg,train,0.764801670694366,0.5586707582094603,0.6826871965762984
img_002767.jpg,train,0.6493118370393022,0.6171691733535903,0.821000997623468
img_002768.jpg,train,0.3724538083742715,0.7725754225495683,0.8552559086197495
img_002769.jpg,train,0.7022752703552539,0.4299806297521466,0.6453473691996483
img_002770.jpg,train,0.5202552386850393,0.5121024685779615,0.8467049927204094
img_002771.jpg,train,0.6145293566994313,0.3739097563908326,1.0
img_002772.jpg,train,0.6631261096931871,0.6409448655494434,0.9582168296125
img_002773.jpg,train,0.5085583692547283,0.5579437262780323,0.7588584497998362
img_002774.jpg,train,0.5112701278023594,0.4354272993089152,1.0
img_002775.jpg,train,0.5177792390715207,0.5261245614390898,1.0
img_002776.jpg,train,0.6699525233535809,0.49365846905454047,0.8448586354017917
img_002777.jpg,train,0.6561515685656248,0.6243646176366112,0.9954060660326919
img_002778.jpg,train,0.5316552438770527,0.4140221875649502,0.9359178838752867
img_002779.jpg,train,0.392343722484039,0.4282518960306138,0.7169467144310978
img_002780.jpg,train,0.4680672475062962,0.5095144394259075,0.7937947308465068
img_002781.jpg,train,0.6475509663541591,0.6659904489791019,0.7230615881721763
img_002782.jpg,train,0.651832075878672,0.43888235929597635,0.6029276900170872
img_002783.jpg,train,0.6373895845844838,0.6887010776647996,0.9650847086454118
img_002784.jpg,train,0.7008856890151494,0.47247235711434526,0.7460855903636695
img_002785.jpg,train,0.60067972360092,0.40233370135626795,0.893189437962592
img_002786.jpg,train,0.4837310554106676,0.5277515611233649,0.8895475051804187
img_002787.jpg,train,0.43355270004547775,0.6459143182512559,0.738551208790097
img_002788.jpg,train,0.6800662964402554,0.42035985144286636,0.6161473633155891
img_002789.jpg,train,0.4639732569371667,0.6927202972466019,0.9975635557031001
img_002790.jpg,train,0.48429377912303906,0.5050146252159217,0.9386585932290543
img_002791.jpg,train,0.38915280382824297,0.6798710917140536,0.7338958866620822
img_002792.jpg,train,0.6649214150256771,0.5326626438542896,0.9190516213687188
img_002793.jpg,train,0.642324739367779,0.6806792725203038,1.0
img_002794.jpg,train,0.48966789488172163,0.7247685077618934,1.0
img_002795.jpg,train,0.7483734475483801,0.6578865816743132,1.0
img_002796.jpg,train,0.7068032746700624,0.675833756931127,1.0
img_002797.jpg,train,0.5258191646047482,0.4675600217955666,1.0
img_002798.jpg,train,0.4723990721392446,0.7698216118285827,0.6957886397426135
img_002799.jpg,train,0.753253572994609,0.5366511363525293,0.9408147416029895
img_002800.jpg,train,0.5966861294885085,0.6167994689157328,1.0
img_002801.jpg,train,0.42279053545708817,0.4684659297524953,0.9570008059701709
img_002802.jpg,train,0.43392343586348253,0.37214510766331665,1.0
img_002803.jpg,train,0.37357873782515094,0.5923141893316402,0.7754802013617115
img_002804.jpg,train,0.45471350542539285,0.6116411426257837,0.6399652411842784
img_002805.jpg,train,0.5985477055272718,0.5355978136502745,0.6277039190964533
img_002806.jpg,train,0.39969852456481697,0.6899549068237775,1.0
img_002807.jpg,train,0.4626867849746333,0.3740450672562295,0.621070270582413
img_002808.jpg,train,0.40231983060190757,0.4841540517054166,1.0
img_002809.jpg,train,0.580620507339205,0.38016407129164875,0.8551863495663561
img_002810.jpg,train,0.6160931884088701,0.4335419079545457,1.0
img_002811.jpg,train,0.5790449411637879,0.3868092257039894,0.8130208829708859
img_002812.jpg,train,0.6147358234077371,0.4980357530483122,0.7412782121472584
img_002813.jpg,train,0.7426837433581618,0.46936550076842226,1.0
img_002814.jpg,train,0.46218638738432666,0.6810120349893521,0.9763278740992009
img_002815.jpg,train,0.3820218725407141,0.5237726130760402,0.6783305915163406
img_002816.jpg,train,0.7135788385259891,0.4074615926360245,0.7348784109689365
img_002817.jpg,train,0.3973031563827624,0.6162502345550444,0.9436248195192278
img_002818.jpg,train,0.6160290413054746,0.5891365788406433,0.7354817641106596
img_002819.jpg,train,0.4892011454839705,0.7272242528693315,0.7200415022138278
img_002820.jpg,train,0.4490147704866397,0.4606990733783496,0.7106325496507142
img_002821.jpg,train,0.3774821049167203,0.5328188432687574,0.6162376098077238
img_002822.jpg,train,0.38346880603496886,0.4181389384560125,0.7964974025748887
img_002823.jpg,train,0.49496543586605474,0.5952037422611571,0.6430217673707719
img_002824.jpg,train,0.7546625471802685,0.5924295756123746,0.7002437246621744
img_002825.jpg,train,0.41944373108295885,0.6630007234612146,0.9249320915418611
img_002826.jpg,train,0.5906319681034886,0.44676978505250026,1.0
img_002827.jpg,train,0.3953649178807477,0.5179294756280121,0.741036598965951
img_002828.jpg,train,0.7580178717433107,0.38345113583847584,0.7976404927481374
img_002829.jpg,train,0.3714937653301047,0.37093672279093176,0.6124669740242213
img_002830.jpg,train,0.4575057467642593,0.3935379009557381,0.6182149389110415
img_002831.jpg,train,0.40957198050341886,0.5247249043302732,1.0
img_002832.jpg,train,0.38288668058064584,0.3778647106807864,0.6859487460640549
img_002833.jpg,train,0.5035676291601648,0.7256080117202498,0.6470967718328915
img_002834.jpg,train,0.7374895807634229,0.4853982435562587,0.6486142874593762
img_002835.jpg,train,0.5205041652352403,0.7629719527425384,0.7201069856239698
img_002836.jpg,train,0.4641945631791942,0.6418828822936886,0.9148743300035884
img_002837.jpg,train,0.5418686765315797,0.4384770243409175,0.8890357716556544
img_002838.jpg,train,0.6693915518682926,0.5705278028684568,0.6305057841176042
img_002839.jpg,train,0.44342181293811045,0.44433988802413876,0.5956500787796963
img_002840.jpg,train,0.45393023812856165,0.7401789811274044,0.8017515578898112
img_002841.jpg,train,0.7030189873823448,0.4716421980636943,1.0
img_002842.jpg,train,0.6320987881309846,0.41821369276682585,0.7011114639779522
img_002843.jpg,train,0.4102460025197332,0.39258996129053836,0.831728521537634
img_002844.jpg,train,0.37194634903648716,0.554383004161906,0.7475897214758455
img_002845.jpg,train,0.5683293543494385,0.6876549586490962,0.8581262943621368
img_002846.jpg,train,0.712527115484702,0.7514953547286815,1.0
img_002847.jpg,train,0.6786226771380228,0.4748280891148635,1.0
img_002848.jpg,train,0.5294428634711137,0.7720467459682836,0.6937978464939643
img_002849.jpg,train,0.7766863147113838,0.4048983256772372,0.7009770653737821
img_002850.jpg,train,0.7692094574421242,0.44826930442701407,0.8628608252118994
img_002851.jpg,train,0.5453165562382608,0.7101331386243234,0.6625705749726819
img_002852.jpg,train,0.6624715309925818,0.37186672687748956,0.8356236420164642
img_002853.jpg,train,0.4084674583331071,0.7486299384009807,0.7555352914663155
img_002854.jpg,train,0.7521324749859745,0.4407079441755286,0.5948107827031411
img_002855.jpg,train,0.5392381400901302,0.5105374010362537,0.9724444210847641
img_002856.jpg,train,0.7103609863059651,0.3815168556263684,0.6241920755667258
img_002857.jpg,train,0.5269172936325441,0.3766866533925963,0.8837478106724708
img_002858.jpg,train,0.5232013443991202,0.6056125793099018,0.8318998728701291
img_002859.jpg,train,0.7659859371396331,0.5210720614499004,1.0
img_002860.jpg,train,0.461018875475085,0.379989598641339,0.8381225739184686
img_002861.jpg,train,0.6789834342795018,0.4385197475773617,1.0
img_002862.jpg,train,0.7394575763063232,0.7593191047466464,1.0
img_002863.jpg,train,0.6592991197343792,0.6801918396187666,0.9252220540927376
img_002864.jpg,train,0.3851318972333188,0.49316994290475424,0.7452371366625035
img_002865.jpg,train,0.48372377454106513,0.6636609406832253,0.8667416240319599
img_002866.jpg,train,0.6544424314769238,0.6566000435205147,0.8649889167308976
img_002867.jpg,train,0.6377086179089764,0.49385645031609454,0.7482323888037788
img_002868.jpg,train,0.6700879604339901,0.5163787066780084,0.6971660988424031
img_002869.jpg,train,0.45185148968356686,0.5149494090269092,1.0
img_002870.jpg,train,0.41813008437160776,0.3896980406072708,0.6254133209870513
img_002871.jpg,train,0.37084895611064167,0.40573695337510624,0.7195301631908013
img_002872.jpg,train,0.5173482199279497,0.608366745787203,0.7880416929038704
img_002873.jpg,train,0.7287086434625117,0.36937516867332,0.5958136812632534
img_002874.jpg,train,0.6857128424463661,0.41987891901720564,0.7595486507288165
img_002875.jpg,train,0.53617004974702,0.7431723047577746,0.9155365272448115
img_002876.jpg,train,0.5006338868625595,0.3802004371817221,0.9437607384714809
img_002877.jpg,train,0.612569270781079,0.3892590011921075,0.6855768847158099
img_002878.jpg,train,0.41179505189683585,0.4161119100436048,0.8971838543440048
img_002879.jpg,train,0.5697262609196736,0.502727999360578,0.8155661237225303
img_002880.jpg,train,0.6060813894932101,0.6036224745765587,0.7473518059805383
img_002881.jpg,train,0.5157242171479819,0.3863445632372427,0.9714474927980811
img_002882.jpg,train,0.4254233431679129,0.7174254171885424,1.0
img_002883.jpg,train,0.47821517043526657,0.5257371723556403,0.7046834437225785
img_002884.jpg,train,0.47517655945195836,0.7631349909905382,0.9936513989638865
img_002885.jpg,train,0.4086768938203645,0.49771380834737,0.8067776141323086
img_002886.jpg,train,0.6566661836181522,0.4897283344905177,1.0
img_002887.jpg,train,0.3828821764725235,0.46969825901093926,0.7701207472197648
img_002888.jpg,train,0.43671706500344065,0.5831210170784363,0.7069044498264841
img_002889.jpg,train,0.4003569561253368,0.5379000398107587,0.7732395562364083
img_002890.jpg,train,0.6209491157480561,0.6349049334446274,0.6276124325554018
img_002891.jpg,train,0.40269376192667955,0.4310219902971861,0.590142453597055
img_002892.jpg,train,0.46731453461051853,0.6495245925780763,1.0
img_002893.jpg,train,0.49222537767056435,0.7227319466156022,0.8561743897804639
img_002894.jpg,train,0.7762970865585136,0.3757977551723455,0.6433550701443316
img_002895.jpg,train,0.4194802842818726,0.38221014483817434,0.9700485620950062
img_002896.jpg,train,0.4243367145060386,0.6665177860263244,0.9361841639667292
img_002897.jpg,train,0.410232411777071,0.3896441671057884,0.9256633042971556
img_002898.jpg,train,0.6185167678220292,0.4125501039043094,1.0
img_002899.jpg,train,0.7357503027185822,0.4715588565777507,1.0
img_002900.jpg,train,0.4698485324187079,0.435242770822536,0.9888789702752424
img_002901.jpg,train,0.6581752226354706,0.42373792250330533,0.986906624577771
img_002902.jpg,train,0.408584706716799,0.6367679455758019,0.7884606985354649
img_002903.jpg,train,0.5174647630960737,0.6711047327270651,0.6154397541931175
img_002904.jpg,train,0.6161242174206448,0.5806330391950291,0.7328707461609721
img_002905.jpg,train,0.39753214687896204,0.6088150614250706,0.889724903605862
img_002906.jpg,train,0.5355211845088217,0.5186049975829209,0.8568824233623191
img_002907.jpg,train,0.6054219395362154,0.5426522675450668,0.796283575353438
img_002908.jpg,train,0.7660303398759992,0.45767419404297865,0.7825401361979758
img_002909.jpg,train,0.3785919145577579,0.4015217682199353,0.75162487037464
img_002910.jpg,train,0.4492798092526651,0.7293395344607562,0.6699621815922953
img_002911.jpg,train,0.5225999577857521,0.47438562621774966,0.8138597828663259
img_002912.jpg,train,0.43592697894452437,0.5006544217848852,1.0
img_002913.jpg,train,0.5457745877267474,0.4577761967275695,0.5967842839848659
img_002914.jpg,train,0.43566689806838815,0.38977956164375777,0.7365902329611056
img_002915.jpg,train,0.7274843676669224,0.6246916248415464,0.5924296587340081
img_002916.jpg,train,0.6849971943067933,0.38278108502253955,1.0
img_002917.jpg,train,0.5902992354718607,0.41059498332226313,0.815111702868772
img_002918.jpg,train,0.7006027407811849,0.38886397371797826,1.0
img_002919.jpg,train,0.37014790823343197,0.5547847198207697,0.9920728364675908
img_002920.jpg,train,0.42614763724428767,0.5025473105472846,0.5890580494103883
img_002921.jpg,train,0.5009218032351314,0.5809861809309808,0.7652620207431937
img_002922.jpg,train,0.7678451813002815,0.5893692130437013,0.6864643040639125
img_002923.jpg,train,0.63666791669017,0.5343934926228524,0.8589046937345831
img_002924.jpg,train,0.563536974989391,0.6792882283756329,0.5919189498403378
img_002925.jpg,train,0.6572616388001506,0.37560516790594045,0.8835286782843775
img_002926.jpg,train,0.5909764913181785,0.6288455915581398,0.6792555744150286
img_002927.jpg,train,0.725669762566135,0.5434279410891559,0.9844931516585844
img_002928.jpg,train,0.449130232040899,0.6411467085994481,1.0
img_002929.jpg,train,0.6559398830710861,0.378189883079829,0.7234995338802775
img_002930.jpg,train,0.7179472469606144,0.48947991502968974,0.8903823871679862
img_002931.jpg,train,0.564640243381393,0.537838011720244,0.8645257486424375
img_002932.jpg,train,0.3693299255766891,0.4891110651041963,0.6919011189823221
img_002933.jpg,train,0.40359621909235727,0.448312537410452,0.8185051955731983
img_002934.jpg,train,0.6257385859818783,0.38644764283176114,0.6648277109193512
img_002935.jpg,train,0.6538599530894742,0.5160572535683573,0.6759238384965597
img_002936.jpg,train,0.6162353279204811,0.41229947808224204,0.7493376195055034
img_002937.jpg,train,0.36888526403178573,0.6123659573272789,0.8928366583583023
img_002938.jpg,train,0.39678353068890476,0.5056810579081797,1.0
img_002939.jpg,train,0.5200326548346101,0.5012350650041858,1.0
img_002940.jpg,train,0.3731696499274258,0.7391234165882182,0.6818104067727995
img_002941.jpg,train,0.7774353691184949,0.43197674659602664,0.7499309330368823
img_002942.jpg,train,0.39496906411783045,0.43279511845737567,0.7056290640903569
img_002943.jpg,train,0.38169698694245674,0.40044951349336566,0.7350474565801484
img_002944.jpg,train,0.4039130198653062,0.4660782028722319,0.8981245927052378
img_002945.jpg,train,0.5116075866289268,0.46264834405715777,1.0
img_002946.jpg,train,0.7246459340432597,0.6318825155376288,0.6562245984436391
img_002947.jpg,train,0.4061388748791342,0.4309638244048939,0.8717627532180721
img_002948.jpg,train,0.7427152296976888,0.7089551671577986,0.8920392106404338
img_002949.jpg,train,0.5190738897921582,0.6496441705784844,0.6252666807636429
img_002950.jpg,train,0.6476327886023824,0.5955476225960347,0.7436419744893978
img_002951.jpg,train,0.5781857642639238,0.3902421873627235,0.6458921787832207
img_002952.jpg,train,0.7562829295599247,0.4584913742929113,0.7357232756862111
img_002953.jpg,train,0.6220258213206917,0.7111823518375343,0.6636933243790666
img_002954.jpg,train,0.6224427871252711,0.45055653046392186,0.6243475958818122
img_002955.jpg,train,0.6025791933058152,0.3774739365570177,0.6103222277719633
img_002956.jpg,train,0.6229872210285948,0.4278363969387855,0.6094936442452585
img_002957.jpg,train,0.41552813397413574,0.3877242293929795,0.9100635126535678
img_002958.jpg,train,0.5399054992925416,0.5508982028003094,0.8589750499700424
img_002959.jpg,train,0.7404387882237956,0.5237942870019604,0.9257410166662726
img_002960.jpg,train,0.5372514370293652,0.4414127444166865,0.6964133496008462
img_002961.jpg,train,0.6232099237068721,0.7477829129824771,1.0
img_002962.jpg,train,0.6115835688112413,0.42403487380519006,0.9597765472704084
img_002963.jpg,train,0.4535434767768513,0.6282476964854169,0.610518393749513
img_002964.jpg,train,0.4281521436626785,0.4858423183729754,0.9856858539538744
img_002965.jpg,train,0.4163670327253561,0.4851517880528002,0.6970006384567958
img_002966.jpg,train,0.5729345615656336,0.4161711716670182,0.8413129474753184
img_002967.jpg,train,0.5859244669954236,0.5826894603740139,0.6218242094731228
img_002968.jpg,train,0.3762296569544626,0.369993309782837,0.8247700737362605
img_002969.jpg,train,0.4909295535905402,0.5712004120951958,1.0
img_002970.jpg,train,0.5944172082915903,0.6950436443715025,0.5979099250530461
img_002971.jpg,train,0.6422345559509597,0.44807915310987906,0.8670529468953001
img_002972.jpg,train,0.6034611466857535,0.42435185852402996,0.6540035350636243
img_002973.jpg,train,0.47265561739546574,0.46766643835594657,1.0
img_002974.jpg,train,0.453038747309164,0.5367800307280017,0.6038457009285425
img_002975.jpg,train,0.6996528982389191,0.40642088669676113,0.7781472303671048
img_002976.jpg,train,0.4540153872021631,0.45165298316685226,0.9288224736367428
img_002977.jpg,train,0.6183899109098818,0.4949351977157314,0.6344773245299371
img_002978.jpg,train,0.6197371944041231,0.4366385530019885,0.7315603646532977
img_002979.jpg,train,0.6001802240644064,0.6259778716101502,0.6462482926016919
img_002980.jpg,train,0.45057932768863945,0.6585937999946072,1.0
img_002981.jpg,train,0.46308978660757666,0.4990335291060828,0.6348423398754902
img_002982.jpg,train,0.43050022805409266,0.42516774573699756,0.664503514731774
img_002983.jpg,train,0.6174954319655718,0.6781837258258742,0.6336075429409886
img_002984.jpg,train,0.4703490169585467,0.520922168708541,0.6252359079895189
img_002985.jpg,train,0.4774385929734189,0.75204020070478,1.0
img_002986.jpg,train,0.6464107290623212,0.5428928205649228,0.6236985808327629
img_002987.jpg,train,0.533117817613055,0.5511384396949771,0.7826687915326282
img_002988.jpg,train,0.45818222493202576,0.5948425379234318,1.0
img_002989.jpg,train,0.3789435392365072,0.6428199631273842,0.7284713756420116
img_002990.jpg,train,0.5736749341570785,0.4826036350257752,0.9748776146537097
img_002991.jpg,train,0.645029513916314,0.4167027249293341,0.9469785323519234
img_002992.jpg,train,0.5526886028976938,0.42232542862731154,0.643442648093692
img_002993.jpg,train,0.6513331866959633,0.513803132592603,0.9000853657251446
img_002994.jpg,train,0.5525989547122959,0.6171577531578779,1.0
img_002995.jpg,train,0.4101436490528023,0.6273967973626858,0.6489541772581646
img_002996.jpg,train,0.40160139539421724,0.5360318125538992,0.9564214667906294
img_002997.jpg,train,0.4689710319819615,0.6787706886589423,0.9152891761811928
img_002998.jpg,train,0.5786144220150594,0.7572523114543999,0.9860735591245129
img_002999.jpg,train,0.7687137302261376,0.638347085764828,0.9036527109252308
img_003000.jpg,train,0.3684650614788789,0.5482154045097833,1.0
img_003001.jpg,train,0.6835351320990267,0.6065964588621408,1.0
img_003002.jpg,train,0.5858864337369286,0.6701888303573597,0.6217377614342744
img_003003.jpg,train,0.7421842771684045,0.5384427716856394,0.7570611182698375
img_003004.jpg,train,0.6622610721894345,0.44111927727148315,0.6485512308952662
img_003005.jpg,train,0.4365151710542068,0.5395831969317256,0.6447863244133075
img_003006.jpg,train,0.7046659716421941,0.7108588849393037,1.0
img_003007.jpg,train,0.41751294383777404,0.7653405190004325,0.7480350037020743
img_003008.jpg,train,0.7207675417360958,0.6534972810700913,0.6327877339140787
img_003009.jpg,train,0.5248025073576388,0.3713182332636304,0.958374520921578
img_003010.jpg,train,0.5418232658249774,0.4351833148583853,0.7954767726116264
img_003011.jpg,train,0.5710121327995035,0.40033048882948147,0.6206172668689435
img_003012.jpg,train,0.3751622612050311,0.630161089579495,1.0
img_003013.jpg,train,0.646596505719451,0.516296557327755,0.7471585226473193
img_003014.jpg,train,0.3714188247377412,0.4300252789624688,0.8609276799166267
img_003015.jpg,train,0.736060310565868,0.4959300021711462,0.9741968295384434
img_003016.jpg,train,0.47147412907071357,0.6206111083512064,0.9679815357956708
img_003017.jpg,train,0.6211458620969686,0.5402892352400227,0.800040005318537
img_003018.jpg,train,0.4508548433820801,0.7693004410493267,0.6504859000737112
img_003019.jpg,train,0.7422344533794215,0.4521599643564113,0.70760425167593
img_003020.jpg,train,0.7255895186337308,0.44603888263654473,1.0
img_003021.jpg,train,0.6451061411510164,0.5521876040502879,0.6104321878071286
img_003022.jpg,train,0.6509054825937591,0.5278502028048161,0.5978376306228061
img_003023.jpg,train,0.46106762741408797,0.7196248327713768,0.8655254254424202
img_003024.jpg,train,0.44552529682157377,0.4916235122512516,1.0
img_003025.jpg,train,0.6064670033966019,0.406059498950124,0.8540854948168404
img_003026.jpg,train,0.6543096841944543,0.3811152362965446,0.872454710855043
img_003027.jpg,train,0.47286599426936765,0.7125705901549697,0.6715394586876897
img_003028.jpg,train,0.49650426663923986,0.42678168414286627,1.0
img_003029.jpg,train,0.4344954042883618,0.4218208345374488,1.0
img_003030.jpg,train,0.6780109548246781,0.565453416720486,1.0
img_003031.jpg,train,0.7292888751608877,0.4705424936716199,0.6806986005790617
img_003032.jpg,train,0.5152807768788087,0.42461664466589716,1.0
img_003033.jpg,train,0.5665322828714237,0.7243017395925989,0.9063811488293232
img_003034.jpg,train,0.44491195654801646,0.3760845610496002,0.6391709365361548
img_003035.jpg,train,0.7633709308416735,0.6886024641373704,1.0
img_003036.jpg,train,0.39728331755163965,0.760893578731865,0.6491608474511952
img_003037.jpg,train,0.4595142334768159,0.37848371840800504,0.7797188043804135
img_003038.jpg,train,0.636983217112193,0.700116014176603,1.0
img_003039.jpg,train,0.5634494683337282,0.7288373949200088,0.9698472695128637
img_003040.jpg,train,0.5365576406298613,0.6078349533816504,0.9106900017744024
img_003041.jpg,train,0.6538591486708292,0.5881421497951093,0.7323370153811656
img_003042.jpg,train,0.4660027567119811,0.538992177754812,0.6553462649840602
img_003043.jpg,train,0.4195941932886715,0.6603819699179732,0.7437241349457723
img_003044.jpg,train,0.38707138722686363,0.625445899953244,0.8005198476349125
img_003045.jpg,train,0.6603793936293066,0.39363245471649844,0.7660716554498959
img_003046.jpg,train,0.5667822231942878,0.6346966123774295,1.0
img_003047.jpg,train,0.711176369578483,0.37447060244748753,0.8561602395816821
img_003048.jpg,train,0.6580221016684464,0.4129057649170694,0.8926668358869455
img_003049.jpg,train,0.7258496550034833,0.4137810899955994,1.0
img_003050.jpg,train,0.5502658692929695,0.6147930455553642,0.7735983116297993
img_003051.jpg,train,0.6432278354909163,0.47450930729554797,0.9747428542449945
img_003052.jpg,train,0.6413080497075366,0.7192547550452408,0.6519647340327754
img_003053.jpg,train,0.6008003785907716,0.5818343917874326,0.9938837126715271
img_003054.jpg,train,0.479542512558566,0.7150439018768181,1.0
img_003055.jpg,train,0.5178102915357182,0.49508670711870034,1.0
img_003056.jpg,train,0.42662678670088755,0.5541099413161503,1.0
img_003057.jpg,train,0.6822636698621799,0.5973343079992025,0.8209525238253194
img_003058.jpg,train,0.4001889502570532,0.4102190937917989,0.5914213283273106
img_003059.jpg,train,0.4441011548971175,0.4122157600392673,0.6910068649852064
img_003060.jpg,train,0.3794241281521657,0.4908283208272362,1.0
img_003061.jpg,train,0.7121584056851815,0.5558896271191779,0.7448543537810753
img_003062.jpg,train,0.5558351489816281,0.43086221298795485,0.6393223852827918
img_003063.jpg,train,0.6519505573857559,0.5622248282224911,0.7466207307291736
img_003064.jpg,train,0.40160116523939865,0.4897650418792973,0.7347062116602093
img_003065.jpg,train,0.5176519415321623,0.3956989218698224,0.7990199448281239
img_003066.jpg,train,0.5648471882724809,0.4566227843058111,0.7474071995412352
img_003067.jpg,train,0.454709465668484,0.47589564517001914,0.5914365700601945
img_003068.jpg,train,0.5045335881644375,0.3929524390968133,1.0
img_003069.jpg,train,0.45623434915408767,0.458549535565784,1.0
img_003070.jpg,train,0.6132040208129214,0.7195607065763966,0.7789840054130013
img_003071.jpg,train,0.4413207243402503,0.4656520951035394,0.6490145456251152
img_003072.jpg,train,0.3736113105867755,0.5935339050223898,0.8026864228112853
img_003073.jpg,train,0.4754632602780717,0.4514247998113152,1.0
img_003074.jpg,train,0.7500680545221717,0.37646732249419995,0.7023709416129296
img_003075.jpg,train,0.5067503338446332,0.40613905975713865,0.7024888954565126
img_003076.jpg,train,0.45727908674138523,0.398697610297317,0.7329597614032852
img_003077.jpg,train,0.42735554916911944,0.6981834496529125,0.6919576293620554
img_003078.jpg,train,0.6251141395845069,0.6554140852206195,0.9689501678652259
img_003079.jpg,train,0.4156887587953125,0.6332547022243274,0.6156139500797038
img_003080.jpg,train,0.6430597701784188,0.6088259328089171,0.741863468604259
img_003081.jpg,train,0.6613884222297614,0.3956798536928692,0.9858861719627586
img_003082.jpg,train,0.655200780290797,0.5424058212482644,0.813537496822173
img_003083.jpg,train,0.47423915960266133,0.37981707224626887,0.8093098915020628
img_003084.jpg,train,0.516781695931486,0.5972478911096778,0.766234475374489
img_003085.jpg,train,0.48283273888100336,0.5085771830384003,0.677772881325042
img_003086.jpg,train,0.5518556890590491,0.375358156933492,0.6927308872195843
img_003087.jpg,train,0.5063856970181537,0.6334878260769575,0.7493759088260361
img_003088.jpg,train,0.39724328311857365,0.6275558474719926,0.8120390324109134
img_003089.jpg,train,0.6871098208761519,0.42024409173520133,0.6781361220974869
img_003090.jpg,train,0.5471776584242374,0.45311755698898804,0.5960950504398176
img_003091.jpg,train,0.7037095124945747,0.6316003245660431,1.0
img_003092.jpg,train,0.4051809979532586,0.6769780765753303,1.0
img_003093.jpg,train,0.61544779599499,0.41962942997272606,1.0
img_003094.jpg,train,0.4868554477970064,0.5507383377888488,0.6587502860007008
img_003095.jpg,train,0.5756278261734588,0.7066425166743087,0.8607673520098873
img_003096.jpg,train,0.5447386442929251,0.590342361029634,0.8249312770787243
img_003097.jpg,train,0.4243348417371225,0.4127197858502482,0.7628658853164824
img_003098.jpg,train,0.5040603329010165,0.469610151203857,0.7280319587082928
img_003099.jpg,train,0.5778188713572748,0.746707930636129,0.9435185344583381
img_003100.jpg,train,0.42811774004526343,0.5340446777980269,1.0
img_003101.jpg,train,0.5862239672753056,0.48048899309503507,0.6662595122278695
img_003102.jpg,train,0.42136931482866774,0.7004754525171805,1.0
img_003103.jpg,train,0.38223819636145756,0.4773280580961374,0.6520676539085707
img_003104.jpg,train,0.7771268977660689,0.4937203765375511,0.7311756797950214
img_003105.jpg,train,0.4194878253767252,0.5759085391952171,0.8182794901942214
img_003106.jpg,train,0.4665880229795816,0.7407480232258896,0.97552637621376
img_003107.jpg,train,0.7488077239839735,0.399389383072156,0.8063440176012902
img_003108.jpg,train,0.6136275365792208,0.39859581780421943,0.8144706323561334
img_003109.jpg,train,0.38331032737570636,0.7149693570676914,0.9571390133252319
img_003110.jpg,train,0.376274072745157,0.6624828973158495,0.7319496105930228
img_003111.jpg,train,0.4565423583285355,0.47993042489914,1.0
img_003112.jpg,train,0.38779563807847267,0.7452999279352696,0.8684488689315737
img_003113.jpg,train,0.40470676878976297,0.5211436829953503,1.0
img_003114.jpg,train,0.38971870179233,0.5500287478459298,1.0
img_003115.jpg,train,0.46041510707515537,0.4777683313718315,0.7702688900582425
img_003116.jpg,train,0.6087254691495275,0.4336336265622773,1.0
img_003117.jpg,train,0.6347181773749462,0.48632074033135186,0.9992401129904595
img_003118.jpg,train,0.5144984977354742,0.3891473565104837,0.875624249223499
img_003119.jpg,train,0.5794517319383736,0.5863201719101561,0.9043659676159221
img_003120.jpg,train,0.37335732734848354,0.4337942332334495,0.9229705624584853
img_003121.jpg,train,0.48721871957132273,0.6399789080640116,0.6405533188678408
img_003122.jpg,train,0.5629093896845695,0.6089303539553322,1.0
img_003123.jpg,train,0.583395637040331,0.3872637879809299,0.8397634864754044
img_003124.jpg,train,0.7084072914133287,0.3802141964343278,1.0
img_003125.jpg,train,0.6792975003815885,0.36884494798374395,0.9337361571407399
img_003126.jpg,train,0.5042673934011733,0.3730062901472526,0.8226611774871184
img_003127.jpg,train,0.5671915086232625,0.40476919301330155,0.9010718161828356
img_003128.jpg,train,0.4522738093536547,0.5085726297721146,0.6044740110048422
img_003129.jpg,train,0.5592172473792081,0.4055811516014862,0.6237991207683613
img_003130.jpg,train,0.6846049781739806,0.42666282873930816,0.6812002207578396
img_003131.jpg,train,0.4674853791209898,0.47007641297363606,0.6304554016288878
img_003132.jpg,train,0.5460902324444499,0.5653132905579891,1.0
img_003133.jpg,train,0.3727898058744561,0.3940613106737347,0.6479833157169508
img_003134.jpg,train,0.6092255628750513,0.6478592990893741,0.5970770822578535
img_003135.jpg,train,0.7332646617219106,0.47488901618585083,1.0
img_003136.jpg,train,0.40021850885481375,0.6441392166038385,0.8534689273840448
img_003137.jpg,train,0.6695760277496369,0.38943248978184847,1.0
img_003138.jpg,train,0.39873896825355093,0.3731286354796762,0.6294857440084993
img_003139.jpg,train,0.37651349353434194,0.40849650204659244,0.8195976333947246
img_003140.jpg,train,0.555487120327871,0.4626068846136599,0.61414914731281
img_003141.jpg,train,0.37645421086758724,0.4538139282073373,0.6342798324683783
img_003142.jpg,train,0.6502523228736491,0.5279833780651072,0.6698829000826704
img_003143.jpg,train,0.6100873784238038,0.6402339330436426,0.746514826019951
img_003144.jpg,train,0.37026759413472493,0.45318327661639773,1.0
img_003145.jpg,train,0.6628240876561325,0.6230690971509777,0.7774354215408612
img_003146.jpg,train,0.4189234321379005,0.5742870711950842,0.697881930708716
img_003147.jpg,train,0.37635238125050163,0.7373939981457123,0.6765482450253367
img_003148.jpg,train,0.7694170037366996,0.4826677973966829,0.6472394446482538
img_003149.jpg,train,0.41397826543541144,0.5711814116654659,0.9563975677455777
img_003150.jpg,train,0.69242818799543,0.7074924454172565,0.9226523078625567
img_003151.jpg,train,0.5499798686117502,0.6485141980530305,1.0
img_003152.jpg,train,0.46117005917976667,0.6117673802217763,1.0
img_003153.jpg,train,0.6230266747491072,0.6224717518316099,0.7361556090521046
img_003154.jpg,train,0.6054989725827246,0.417726379808677,1.0
img_003155.jpg,train,0.38049340198360077,0.5674518269823733,0.8125298038997025
img_003156.jpg,train,0.3826701261076508,0.495022262104481,0.8130395991512527
img_003157.jpg,train,0.5726392424074197,0.5443615315205249,1.0
img_003158.jpg,train,0.4596037856470101,0.5419209445895558,1.0
img_003159.jpg,train,0.5693672192248678,0.5735369283672614,0.6895962907474558
img_003160.jpg,train,0.383700012168492,0.4287168608021297,0.6762874859323503
img_003161.jpg,train,0.6597041321191434,0.6130351234647134,1.0
img_003162.jpg,train,0.5294639636082413,0.4465360709807107,0.9679998952832743
img_003163.jpg,train,0.45820986305946204,0.4494205098859568,1.0
img_003164.jpg,train,0.3806470278585789,0.6027360269686789,0.8767816367692065
img_003165.jpg,train,0.40962942234890765,0.41097315346187663,0.6729906724906223
img_003166.jpg,train,0.5229415276033169,0.6709845221893173,1.0
img_003167.jpg,train,0.4661646709116565,0.39726583802384824,0.6673473709634831
img_003168.jpg,train,0.7777095886339985,0.5333957161429767,1.0
img_003169.jpg,train,0.3975424529627542,0.4744429512571709,0.9350799370327445
img_003170.jpg,train,0.5599503156159854,0.5049401215496969,0.6077084642462471
img_003171.jpg,train,0.5246871217140044,0.42777977868710143,0.6519864864973728
img_003172.jpg,train,0.6475396296599762,0.6083997789723244,0.9391635343664131
img_003173.jpg,train,0.5119563236064241,0.381052053928917,1.0
img_003174.jpg,train,0.6211469244697403,0.6296631911565352,1.0
img_003175.jpg,train,0.42198303505262125,0.47998246196708266,0.7584002621872173
img_003176.jpg,train,0.4423349263351584,0.7733959520678219,0.8495206444602246
img_003177.jpg,train,0.7764102650569469,0.6501174999340384,0.7423152592401111
img_003178.jpg,train,0.4424546739711963,0.7447337996859682,0.7423898841414269
img_003179.jpg,train,0.5748062292225103,0.4460824465940654,0.786686641651818
img_003180.jpg,train,0.3995949000812596,0.4406472358231793,0.6108837558690182
img_003181.jpg,train,0.4776111162776237,0.5577559600117189,0.6506935403967293
img_003182.jpg,train,0.428182507979026,0.46997947813678165,1.0
img_003183.jpg,train,0.4097296683263729,0.7494514413721824,0.6284242632265469
img_003184.jpg,train,0.7362391354562243,0.7214065336721825,0.9929330840868316
img_003185.jpg,train,0.7646969146470841,0.6994188702805985,0.7685347926453792
img_003186.jpg,train,0.4548873013360306,0.44728739390831124,1.0
img_003187.jpg,train,0.5203086663072526,0.5222770276348211,0.7278545983700342
img_003188.jpg,train,0.3753772841032534,0.4809725359578511,0.7134152363264316
img_003189.jpg,train,0.48418505004190565,0.4669054724088686,0.864850389150911
img_003190.jpg,train,0.6032930465415586,0.6116244392210811,0.760652693210038
img_003191.jpg,train,0.4753455440434369,0.5987897786463424,0.6379136294013146
img_003192.jpg,train,0.6362618197537548,0.569490781223589,0.712002374067058
img_003193.jpg,train,0.6146222919188155,0.5257880436652211,0.7437849522363995
img_003194.jpg,train,0.4631026696010972,0.7376494432791731,0.7260390791923046
img_003195.jpg,train,0.564468257883445,0.5877287174652933,0.9537679212319005
img_003196.jpg,train,0.5190856764901075,0.6064125099294971,0.8255120082077025
img_003197.jpg,train,0.776425521586026,0.4593568758928795,1.0
img_003198.jpg,train,0.5350236970316459,0.49907807109296093,0.5971017575655791
img_003199.jpg,train,0.5740368730672256,0.7468764693855133,0.7461153292350949
img_003200.jpg,train,0.37533749838798824,0.5466397837758464,0.6041224523786015
img_003201.jpg,train,0.43847611248069285,0.737479124718284,0.7511074059204259
img_003202.jpg,train,0.7468479672876905,0.71817931591239,0.6872598959796815
img_003203.jpg,train,0.4832591447406937,0.6532521034738933,1.0
img_003204.jpg,train,0.5574352942263815,0.504361544050287,0.7812435078330373
img_003205.jpg,train,0.6598120701791942,0.721854353090333,0.794531248640847
img_003206.jpg,train,0.47692657947251965,0.37734955329035086,0.9817782806741544
img_003207.jpg,train,0.7710073583010582,0.4159448996289467,0.790483477221142
img_003208.jpg,train,0.4796205157537923,0.4874565144751662,0.6889546395379267
img_003209.jpg,train,0.4501381804596892,0.3997803605777084,1.0
img_003210.jpg,train,0.5611442945670543,0.3955904382846458,0.8313390688244606
img_003211.jpg,train,0.399925020536901,0.4829196933380895,0.9054394278999204
img_003212.jpg,train,0.5589224060595304,0.7330310851263567,0.7747775319531605
img_003213.jpg,train,0.44788147516095833,0.6247224847813923,0.8046787905644324
img_003214.jpg,train,0.7402886092293127,0.6329078144602002,1.0
img_003215.jpg,train,0.5929786740349784,0.41606469489085907,0.7788454531605004
img_003216.jpg,train,0.6787158008628281,0.6087731328851885,0.9345525642071882
img_003217.jpg,train,0.7016135380788368,0.5385279847428054,0.6618587527419336
img_003218.jpg,train,0.47942787065158815,0.5246769807053148,1.0
img_003219.jpg,train,0.42862969409924495,0.7394841341393111,0.5904331077543555
img_003220.jpg,train,0.505905784416525,0.43304375743949536,0.6122472803877015
img_003221.jpg,train,0.5574854368981402,0.44238087187696884,0.7233862009413159
img_003222.jpg,train,0.48070225620794,0.5585453994736942,0.718979154382735
img_003223.jpg,train,0.6832281807526165,0.6432577174267045,0.9020622972442367
img_003224.jpg,train,0.6466524636920021,0.421234475264839,0.7009094563449173
img_003225.jpg,train,0.552123683164708,0.7350508617089276,0.5985063047484879
img_003226.jpg,train,0.5069996458286804,0.4242611686697046,0.7238593104813065
img_003227.jpg,train,0.43942925202214633,0.52557710123999,0.7715073384397483
img_003228.jpg,train,0.5741267826723152,0.6721216126501995,1.0
img_003229.jpg,train,0.7660115143513394,0.7314147241515577,0.7546751306767371
img_003230.jpg,train,0.44973938147254744,0.389584045609719,0.5991840702492288
img_003231.jpg,train,0.6045246443371871,0.6286088082921449,0.6465816349109016
img_003232.jpg,train,0.4298573756618757,0.3910543992899833,0.6469742137046917
img_003233.jpg,train,0.4899923488542419,0.602345340879742,1.0
img_003234.jpg,train,0.43752077916190757,0.441856795039344,0.6217605385502935
img_003235.jpg,train,0.654359128228808,0.4046520807117755,0.9370317942071891
img_003236.jpg,train,0.3752482408674118,0.742888489633971,1.0
img_003237.jpg,train,0.6438822864548418,0.5878242685176401,1.0
img_003238.jpg,train,0.7351078989053322,0.7473324706651082,0.9949003103485473
img_003239.jpg,train,0.7392650846665297,0.7005374887753472,0.992197701945632
img_003240.jpg,train,0.5813117040251741,0.501329715283998,0.6125547167791439
img_003241.jpg,train,0.6927919948011332,0.5042789426198392,0.7141413592096323
img_003242.jpg,train,0.45586566647092575,0.4780187027277824,1.0
img_003243.jpg,train,0.6946208869438485,0.5773336862157031,0.7756113370449124
img_003244.jpg,train,0.689191792926742,0.5239606971587111,0.6410016796435989
img_003245.jpg,train,0.6941850004351559,0.7091802565276907,0.7073191399516647
img_003246.jpg,train,0.46847819369108673,0.6901701961663586,0.7766338907619476
img_003247.jpg,train,0.5379693617850361,0.4425030368041239,0.6661712979396628
img_003248.jpg,train,0.5470786779476559,0.6836843484990686,0.5932107651302849
img_003249.jpg,train,0.37792648486227015,0.6893784180188831,0.6817212040884729
img_003250.jpg,train,0.770857212532967,0.5537519869324763,0.8752875923554552
img_003251.jpg,train,0.684576620638205,0.6381515353074612,1.0
img_003252.jpg,train,0.5464770382675811,0.4445647761027498,1.0
img_003253.jpg,train,0.7493857092632731,0.4699436112698023,1.0
img_003254.jpg,train,0.6800396901570802,0.4829085302486907,0.9145341294282555
img_003255.jpg,train,0.7503863761780888,0.4827752798854399,0.7152909252583111
img_003256.jpg,train,0.5986188000456982,0.3717696771822485,1.0
img_003257.jpg,train,0.4890312731902708,0.6093996610755598,1.0
img_003258.jpg,train,0.5873106401836284,0.4064386024103214,0.9002814294512096
img_003259.jpg,train,0.7263066566319102,0.5070310467064237,0.8246584573897585
img_003260.jpg,train,0.5370148099263877,0.5246670649794858,0.8343630001783643
img_003261.jpg,train,0.5949498184844715,0.7416730439429711,0.6960394954230574
img_003262.jpg,train,0.47793909253279115,0.6824907111747187,0.9677409038020999
img_003263.jpg,train,0.6698865015098135,0.6317485101030038,1.0
img_003264.jpg,train,0.6106824731555051,0.7127224298459646,0.6035442863428099
img_003265.jpg,train,0.6000538317330674,0.7171611570194719,0.6426253703451924
img_003266.jpg,train,0.6538718752992411,0.6211463282515592,0.5987926821461897
img_003267.jpg,train,0.37747203614852864,0.49800586046256407,0.6449429695164732
img_003268.jpg,train,0.46519845353990136,0.6120367448142748,1.0
img_003269.jpg,train,0.6829393032715139,0.6819089283787444,0.9125761096339706
img_003270.jpg,train,0.6385295643497574,0.5877912534273593,0.953052804760706
img_003271.jpg,train,0.531286918986274,0.4353330221389708,0.7941896572681354
img_003272.jpg,train,0.5616527795199096,0.41240447294253224,0.8357990953293071
img_003273.jpg,train,0.47959803642633386,0.6657636355425048,1.0
img_003274.jpg,train,0.4967359780824559,0.745861812094384,1.0
img_003275.jpg,train,0.553516842843455,0.45695078452282595,0.6212467659841967
img_003276.jpg,train,0.4085574129363634,0.5946683179791711,0.7757215457714257
img_003277.jpg,train,0.5035473498102553,0.3849466775018097,0.7053668795969499
img_003278.jpg,train,0.4478648571357384,0.5906932483588162,0.997470846356675
img_003279.jpg,train,0.6217589980942088,0.4761167806982128,0.600013985573898
img_003280.jpg,train,0.7053978198894967,0.7566812738300704,0.6011386572329844
img_003281.jpg,train,0.37859581848785817,0.5589322169517038,0.8632004176872543
img_003282.jpg,train,0.38383295722954314,0.6456144292496657,0.8286562018699388
img_003283.jpg,train,0.48903769375253486,0.3862851946144854,1.0
img_003284.jpg,train,0.5333542760489408,0.6078933758708276,0.6105556310126813
img_003285.jpg,train,0.5841303497712419,0.7768891887974969,0.6454853878235365
img_003286.jpg,train,0.5150179649946259,0.5133489871193019,1.0
img_003287.jpg,train,0.5077452217792627,0.589142964313659,0.7856032525041577
img_003288.jpg,train,0.4664477897337675,0.5440662181569049,0.8397448601737235
img_003289.jpg,train,0.3863173581837649,0.4450458398486967,0.6159352803039765
img_003290.jpg,train,0.4625988522535052,0.6806270722836308,0.9231392011215633
img_003291.jpg,train,0.4104486994192384,0.7179485951167615,0.7069251460891364
img_003292.jpg,train,0.6186390022888412,0.7054964208114415,0.8652758907435316
img_003293.jpg,train,0.7419292449209104,0.5854967038556477,0.7097266923766664
img_003294.jpg,train,0.5881215158704456,0.5908384213750937,1.0
img_003295.jpg,train,0.5957444659630715,0.7025979930922087,1.0
img_003296.jpg,train,0.5563246759085708,0.4593815232301754,1.0
img_003297.jpg,train,0.6560098553968231,0.5586775743764645,0.7595425447143046
img_003298.jpg,train,0.7398764156748183,0.6212464562316682,0.690172362573915
img_003299.jpg,train,0.48484878468046794,0.4037731151262453,1.0
img_003300.jpg,train,0.5472788749090217,0.7406160882110232,0.9158742908110594
img_003301.jpg,train,0.6227257390086277,0.6525199899996322,0.666140035267942
img_003302.jpg,train,0.5353593506373623,0.4144065108968502,1.0
img_003303.jpg,train,0.6611266745715089,0.6345935411444903,1.0
img_003304.jpg,train,0.5627346967583969,0.5594194110818492,0.5920183779461085
img_003305.jpg,train,0.47575448863453973,0.37578781198929184,0.8450146041549972
img_003306.jpg,train,0.3896513233146641,0.7415641605489846,0.9880163619775478
img_003307.jpg,train,0.7431546522874363,0.6745781432427327,0.8882067502333159
img_003308.jpg,train,0.5436843625608924,0.4054820818085272,0.7181845642261693
img_003309.jpg,train,0.3874711777595408,0.41871357719657604,1.0
img_003310.jpg,train,0.49223234572205915,0.5172385562912196,0.7867158639390273
img_003311.jpg,train,0.5420610718878298,0.761011234508954,0.6208318238469802
img_003312.jpg,train,0.569460081463626,0.5031466965389092,0.9938711489147
img_003313.jpg,train,0.5401809376562036,0.759467118432863,0.6844154064296014
img_003314.jpg,train,0.6981475849196035,0.5330520055194953,0.7657906414109429
img_003315.jpg,train,0.4295639506586375,0.6693248113728915,0.7774914687895064
img_003316.jpg,train,0.5794216049654604,0.4453855308640196,0.7320403579106071
img_003317.jpg,train,0.42841748759986364,0.7720784983608661,0.684901229423462
img_003318.jpg,train,0.7107655000220116,0.45953064604766514,0.934579966391001
img_003319.jpg,train,0.563348432170416,0.5459604835417183,1.0
img_003320.jpg,train,0.5974274158489271,0.44495699416487433,1.0
img_003321.jpg,train,0.48027602276680054,0.6389807553535243,0.833343383112187
img_003322.jpg,train,0.47612701070191443,0.6400036469446516,1.0
img_003323.jpg,train,0.4518758470742707,0.6061615501538525,0.5960657088832095
img_003324.jpg,train,0.4652781297970603,0.3966722100291255,0.9470830586076351
img_003325.jpg,train,0.4603837680071396,0.37426242247787983,0.931841011484666
img_003326.jpg,train,0.5216310121283975,0.40149955164394485,0.9959056227795828
img_003327.jpg,train,0.473762234804554,0.6329326697820389,0.9302027582844116
img_003328.jpg,train,0.6727382905903595,0.7054996892685385,1.0
img_003329.jpg,train,0.43364273283068683,0.3767448933438737,1.0
img_003330.jpg,train,0.39858662221400804,0.746832428968275,0.8916254567645661
img_003331.jpg,train,0.7545999889475311,0.45071444057510623,0.7446509571494687
img_003332.jpg,train,0.5633967404397487,0.3870819823180282,0.6993020993287555
img_003333.jpg,train,0.4467235702113457,0.5441627583968002,0.6390615488480823
img_003334.jpg,train,0.7462346220744348,0.4883072016787697,0.926147896356012
img_003335.jpg,train,0.42933727807004624,0.6251722403716736,0.8642834132636473
img_003336.jpg,train,0.4127423078537289,0.3864776981725028,0.6328644553797066
img_003337.jpg,train,0.5200971525415207,0.7286446978646565,1.0
img_003338.jpg,train,0.6349589542148916,0.6202689634047963,0.5994239857478646
img_003339.jpg,train,0.6337784461715161,0.5685425136268991,1.0
img_003340.jpg,train,0.6828802616586328,0.4921279437489717,1.0
img_003341.jpg,train,0.7311410482793276,0.6352073434583141,1.0
img_003342.jpg,train,0.5313538302910393,0.7741611796923679,0.7548517124691041
img_003343.jpg,train,0.7711164510375966,0.4543100233844502,1.0
img_003344.jpg,train,0.483283089958135,0.7755099104358442,0.6050296323351237
img_003345.jpg,train,0.734104821521993,0.39950211753093406,0.6232950721784445
img_003346.jpg,train,0.500564681758869,0.4051697774111817,1.0
img_003347.jpg,train,0.4518692636932064,0.7528464183603942,0.7516818168337146
img_003348.jpg,train,0.7143800714013312,0.5622236722017161,0.8636953239604899
img_003349.jpg,train,0.6762958782814974,0.44674263166411626,1.0
img_003350.jpg,train,0.7588255287025031,0.6356731873082978,0.6058804286673883
img_003351.jpg,train,0.4832378602978847,0.7483456145274072,0.6159899229453005
img_003352.jpg,train,0.434084998647742,0.6874667170549521,0.6485664274077593
img_003353.jpg,train,0.6583013403074273,0.46320636881577126,0.734529348268813
img_003354.jpg,train,0.5697328218356438,0.6700061764417415,1.0
img_003355.jpg,train,0.6676309837317657,0.6223030838954626,0.6039856305710368
img_003356.jpg,train,0.5454696031175169,0.3965249233821983,0.6739650839255812
img_003357.jpg,train,0.41367889983359357,0.4555845737161118,0.9000516700489003
img_003358.jpg,train,0.3714768319125274,0.46746597208102053,0.6755603007767877
img_003359.jpg,train,0.4989809836654235,0.5069033120177627,0.8127070094762909
img_003360.jpg,train,0.6498524311028756,0.5247967720504331,0.6408774134856219
img_003361.jpg,train,0.6639790016223723,0.6553835841368983,0.6626525863302608
img_003362.jpg,train,0.6916994886547689,0.6118879246270642,0.6095310483787495
img_003363.jpg,train,0.6738346193187668,0.6115889733538279,1.0
img_003364.jpg,train,0.5665163623899566,0.661739570313233,0.9977332408750219
img_003365.jpg,train,0.44416285323927324,0.37410129869682923,0.6909397388842963
img_003366.jpg,train,0.6921613214468473,0.4191625141709648,0.9043348337852192
img_003367.jpg,train,0.37643420337115935,0.4123292268578509,0.6613921733375524
img_003368.jpg,train,0.4614268984762657,0.5745174890923938,0.8853280262306568
img_003369.jpg,train,0.4374048297588707,0.6527863216922022,0.8845393949136063
img_003370.jpg,train,0.47784151058257684,0.690226046700777,1.0
img_003371.jpg,train,0.5897204065462116,0.5943981539606571,0.6856525963099765
img_003372.jpg,train,0.559983708161872,0.4794390077139332,0.7401523401598342
img_003373.jpg,train,0.6455044258658237,0.39292563651387774,0.8875017452511468
img_003374.jpg,train,0.4961066943363572,0.5120597523926956,1.0
img_003375.jpg,train,0.38017771325684385,0.39769388740733724,0.9046568991120716
img_003376.jpg,train,0.6493301980348766,0.5738549047722165,0.967074082073838
img_003377.jpg,train,0.6933798464078033,0.4105486595500339,0.677365320950059
img_003378.jpg,train,0.6792142842317963,0.765178544161308,0.6120621028994674
img_003379.jpg,train,0.4022874011211954,0.3907460754097059,0.6332144473013448
img_003380.jpg,train,0.6825880369642042,0.4565562719854907,0.8678166876187935
img_003381.jpg,train,0.770479751618589,0.5799278092752261,0.6808190693622519
img_003382.jpg,train,0.6670646587091366,0.6500437251270546,0.8499349656855696
img_003383.jpg,train,0.37125837585502125,0.7630154249010221,0.6242797771308956
img_003384.jpg,train,0.4861832158166375,0.6951408653014245,0.8301204868799298
img_003385.jpg,train,0.6430828133101655,0.6914293488201347,0.6629291861828321
img_003386.jpg,train,0.4458152413408323,0.6948885053012529,0.6767569768856
img_003387.jpg,train,0.7455568986233886,0.692537469331131,0.7995534950147892
img_003388.jpg,train,0.47764313076522597,0.5116568932313242,1.0
img_003389.jpg,train,0.4014086394654539,0.6982927828152444,0.9132745753061677
img_003390.jpg,train,0.3723465664242438,0.7366174846179087,1.0
img_003391.jpg,train,0.41872940904121725,0.37012429593788926,0.937172744698532
img_003392.jpg,train,0.4333675065658292,0.5847425467013337,0.9629648773848178
img_003393.jpg,train,0.4746975534910461,0.6091062578580618,0.6034472458658725
img_003394.jpg,train,0.3854869009983594,0.5530413946824347,0.7045306434383539
img_003395.jpg,train,0.6158061433714926,0.7104177538228814,0.7532301266597549
img_003396.jpg,train,0.6632314991560483,0.5161913697285571,1.0
img_003397.jpg,train,0.7473730006276419,0.6962589493555594,0.6101912228155565
img_003398.jpg,train,0.3826592030593157,0.3720300132775935,0.8329354586872779
img_003399.jpg,train,0.37732945061403544,0.7144513437464953,0.6253701775834208
img_003400.jpg,train,0.4161139781724503,0.6833777016317685,1.0
img_003401.jpg,train,0.6519464065164385,0.6035211963054848,0.7656361937137313
img_003402.jpg,train,0.42279648193765773,0.74982886264322,0.6035538598614014
img_003403.jpg,train,0.4066356467910901,0.3914244456256819,0.7325122734790956
img_003404.jpg,train,0.39438242874240936,0.6784725939302896,0.9681040349592266
img_003405.jpg,train,0.6493689478210417,0.660777940927385,0.7173305784720542
img_003406.jpg,train,0.6241741525030725,0.4238277619465192,0.7047176146173191
img_003407.jpg,train,0.43657197184583857,0.42035487164131524,1.0
img_003408.jpg,train,0.6314653029200198,0.5450748855964614,1.0
img_003409.jpg,train,0.5048824937989115,0.6375298542567154,0.59742247986641
img_003410.jpg,train,0.41033815364495235,0.6998921029640148,0.6753844804363931
img_003411.jpg,train,0.38672372679532563,0.6900813820221142,0.684941884784314
img_003412.jpg,train,0.5081861016480262,0.7725747831214966,0.9079960161812173
img_003413.jpg,train,0.48750999721804433,0.4913140783831009,0.618324843900031
img_003414.jpg,train,0.47807195469972097,0.5790907125522932,0.6575483356885955
img_003415.jpg,train,0.7141424508329169,0.4319778932801812,0.9308646924632104
img_003416.jpg,train,0.4057146400856704,0.41551434368802004,0.8451946267355038
img_003417.jpg,train,0.41322870588464866,0.7056906833196203,0.851413974129807
img_003418.jpg,train,0.6515106214384017,0.7007354510567606,1.0
img_003419.jpg,train,0.6965337630971745,0.7379902976979719,0.6294943970506799
img_003420.jpg,train,0.5854466785576985,0.3904015288358978,0.6542681733905058
img_003421.jpg,train,0.40016646172378306,0.6801428115863785,0.6068312264895456
img_003422.jpg,train,0.5434062588884744,0.4138118086054936,0.6754692439980956
img_003423.jpg,train,0.37862863768309296,0.3813050422647583,1.0
img_003424.jpg,train,0.39028261590271374,0.7755115566374515,0.7582324779264836
img_003425.jpg,train,0.7375728786155956,0.5123770521892173,0.591166124944026
img_003426.jpg,train,0.45798426842587964,0.7377222662562367,0.6333682698217515
img_003427.jpg,train,0.3958009223074505,0.6874160941007768,0.7863212558352776
img_003428.jpg,train,0.6053446760983462,0.6780573699220791,0.7230294960617276
img_003429.jpg,train,0.6946619649002815,0.4468753069826151,0.6226306256113698
img_003430.jpg,train,0.3725064216855851,0.47291045598380954,1.0
img_003431.jpg,train,0.6664864608164544,0.3715247997912985,0.7444234901860518
img_003432.jpg,train,0.5674987017362513,0.6437338597580124,0.7740303330646987
img_003433.jpg,train,0.6426393101391348,0.5688839736972108,0.6986862606968769
img_003434.jpg,train,0.5007941618032049,0.4558383177204366,1.0
img_003435.jpg,train,0.5665011551233131,0.68840024999865,0.7787953151309851
img_003436.jpg,train,0.5342681207497241,0.4131984675653257,0.8468944700207933
img_003437.jpg,train,0.7237192163080368,0.45484270828129203,0.8870303418187515
img_003438.jpg,train,0.5259214725872275,0.5337129013916564,0.7643341092140884
img_003439.jpg,train,0.4249956308797045,0.532392090048578,1.0
img_003440.jpg,train,0.4650416492668348,0.37578977177014944,0.7997635890534635
img_003441.jpg,train,0.7230776520999925,0.7417818749258975,1.0
img_003442.jpg,train,0.4533933519323952,0.4921076721562283,0.7492502754136816
img_003443.jpg,train,0.6683714000654818,0.7069316918744689,0.6305258331193435
img_003444.jpg,train,0.678155768970905,0.5304963960242302,0.6577184196205564
img_003445.jpg,train,0.626723401805347,0.5090076027308182,1.0
img_003446.jpg,train,0.6976037980032316,0.608466862663366,0.9466805076005801
img_003447.jpg,train,0.3987893943969552,0.46793393284291945,0.6001556005922277
img_003448.jpg,train,0.7205650597367388,0.518807551486354,0.6298757310791605
img_003449.jpg,train,0.5970956566123804,0.49282842437585,0.7235196909428612
img_003450.jpg,train,0.486349392893092,0.397234649436719,0.7020700906092756
img_003451.jpg,train,0.5080942773940427,0.452275287386259,0.8945674069160628
img_003452.jpg,train,0.5243788358709378,0.6389714081437545,1.0
img_003453.jpg,train,0.5389704436206437,0.49896459813439603,1.0
img_003454.jpg,train,0.39585999589956344,0.6241042173378735,0.7151550510310772
img_003455.jpg,train,0.6736434932686993,0.5068073476971592,0.6391193140062752
img_003456.jpg,train,0.4047292780424943,0.6291405989565311,0.7453831405831495
img_003457.jpg,train,0.6815191310495391,0.7015092876044108,0.9046757904766939
img_003458.jpg,train,0.503807624113403,0.6796679459811444,0.6918303829813927
img_003459.jpg,train,0.6606708080822284,0.5563725599176087,0.9240200441842218
img_003460.jpg,train,0.4079694380186947,0.49209396070771944,0.6355160474037651
img_003461.jpg,train,0.5686421827472699,0.3753112706586655,0.9438672580691064
img_003462.jpg,train,0.4000436361366213,0.7253588022287176,0.8826453412865326
img_003463.jpg,train,0.6631693697484953,0.5996206374303328,0.8500284697582965
img_003464.jpg,train,0.37589201522177823,0.6473050906728058,0.6989036462250758
img_003465.jpg,train,0.3997231467610745,0.3785124925724479,0.7748687746773474
img_003466.jpg,train,0.38735540377729105,0.3862458344592022,0.7222061117961504
img_003467.jpg,train,0.5107737295774734,0.5079202164168412,0.7762099596598669
img_003468.jpg,train,0.7650118849120364,0.7617313245754667,0.9968296140122689
img_003469.jpg,train,0.5636649692919727,0.3855752796299747,0.6540056288375871
img_003470.jpg,train,0.38219075626679117,0.49057319566176877,0.7621484726202518
img_003471.jpg,train,0.6458872679274772,0.7436747191125653,0.7212012096921624
img_003472.jpg,train,0.5193030035566363,0.6300418294374621,0.9070323058013241
img_003473.jpg,train,0.7312101587080752,0.6978801021176394,1.0
img_003474.jpg,train,0.41061760908908457,0.5348261489619482,0.8467313463229174
img_003475.jpg,train,0.4825878324114042,0.7086789871822498,0.9098218213507081
img_003476.jpg,train,0.3693381903423661,0.3963340451108291,0.7988487179794601
img_003477.jpg,train,0.40840741407342485,0.4398037746891328,0.7510812413511995
img_003478.jpg,train,0.3798005112937341,0.6641701372505128,0.8453378791304034
img_003479.jpg,train,0.5487977425640701,0.39484744779034847,0.8425028810933148
img_003480.jpg,train,0.417263214611075,0.7055450275864824,1.0
img_003481.jpg,train,0.6811305057997163,0.38042943535259965,0.6542412506208342
img_003482.jpg,train,0.42528084497409696,0.39370736611647317,0.6409981536282094
img_003483.jpg,train,0.4592418813083878,0.6240651714680876,0.5905423589140648
img_003484.jpg,train,0.5867769074246278,0.383853576442331,0.7728237922673448
img_003485.jpg,train,0.5885356377571461,0.43718285471432017,1.0
img_003486.jpg,train,0.43114707337138,0.49509229991679504,0.5983707631326379
img_003487.jpg,train,0.563361010181032,0.679101722644479,0.9140780815637087
img_003488.jpg,train,0.4471335003293569,0.4757811838664347,0.5895683773058302
img_003489.jpg,train,0.6182872889127299,0.3893309301316242,0.7647056774948239
img_003490.jpg,train,0.4117479421038552,0.7204302789866067,0.9331748075441897
img_003491.jpg,train,0.4029861466623603,0.47365175660986897,0.6728796905528377
img_003492.jpg,train,0.471111829220491,0.5166023449598603,0.5914994673140769
img_003493.jpg,train,0.42548706097260974,0.40844757169179635,0.6645007193338878
img_003494.jpg,train,0.4855086132099194,0.5759359184105427,0.7622981805429991
img_003495.jpg,train,0.5963121799419949,0.7297962409519387,0.6442614834626268
img_003496.jpg,train,0.7115332123846462,0.5220573785641069,1.0
img_003497.jpg,train,0.5171054500796486,0.6015075315975406,1.0
img_003498.jpg,train,0.591208394792181,0.7029255373920624,0.8633616814862418
img_003499.jpg,train,0.5013547659102274,0.38405079250041485,1.0
img_003500.jpg,train,0.4303712727423892,0.7479152754123861,0.9416785869555622
img_003501.jpg,train,0.581859316217928,0.4935590818430013,0.7406013820096704
img_003502.jpg,train,0.41062141275543107,0.6905424664784103,1.0
img_003503.jpg,train,0.4741963891700059,0.6208067615473652,0.7606538702101174
img_003504.jpg,train,0.5456263006198485,0.7300711091858556,0.9701802816985893
img_003505.jpg,train,0.6400611868619982,0.4714701691276943,1.0
img_003506.jpg,train,0.6100616701568486,0.4064876975034906,0.7599941021939836
img_003507.jpg,train,0.7649063548789302,0.611839012380253,0.7051705682944038
img_003508.jpg,train,0.46744261076978494,0.41258755234320016,0.8985450938295632
img_003509.jpg,train,0.7092852316667643,0.5305844936354925,0.6044505284749184
img_003510.jpg,train,0.6994463076265736,0.7429056312713406,0.7693116569645574
img_003511.jpg,train,0.47281628604919596,0.6345333768361834,0.6983457458716534
img_003512.jpg,train,0.5565570653266717,0.6149937592783936,0.629565953168512
img_003513.jpg,train,0.6979443139910946,0.5134029509243158,0.7156845158879137
img_003514.jpg,train,0.41861535726894505,0.5721590200577792,1.0
img_003515.jpg,train,0.508329620216395,0.38437555185256755,0.825996044833273
img_003516.jpg,train,0.7477733380195003,0.3750851798865553,0.6133418119674513
img_003517.jpg,train,0.5232633882400237,0.6003303043968309,0.6655153943937794
img_003518.jpg,train,0.495597571331259,0.4576008482801897,0.6286699570781034
img_003519.jpg,train,0.5854244671508586,0.4050821805277806,0.6610147081312572
img_003520.jpg,train,0.6712141539288151,0.6495925848019107,1.0
img_003521.jpg,train,0.43810255039934676,0.5102340405265088,0.66964641765186
img_003522.jpg,train,0.5614135885537267,0.7306335881439385,0.761892683446312
img_003523.jpg,train,0.6174158379851811,0.6773285541312909,1.0
img_003524.jpg,train,0.47381309128563176,0.7491028602802259,1.0
img_003525.jpg,train,0.5605329646277166,0.49311379682160067,0.8444912576580171
img_003526.jpg,train,0.4008512616450018,0.5908654048222183,0.7199191249944803
img_003527.jpg,train,0.6561761688271305,0.6758804652309989,0.8763293828044694
img_003528.jpg,train,0.7519163394039797,0.5491699044752049,0.7847126921645736
img_003529.jpg,train,0.5699455106084806,0.572960484585201,0.948775099268243
img_003530.jpg,train,0.46595388514630187,0.5515443573321382,0.7117428998735916
img_003531.jpg,train,0.470164483398948,0.535551080883606,1.0
img_003532.jpg,train,0.46166275575357885,0.5145357668639621,1.0
img_003533.jpg,train,0.3928959056422882,0.4308714291845657,0.6526076233266402
img_003534.jpg,train,0.6786585788144152,0.5628824161147605,1.0
img_003535.jpg,train,0.5844357149550667,0.6344170792265974,0.80889223337298
img_003536.jpg,train,0.4536350243021993,0.4287552307113092,0.6855249700480933
img_003537.jpg,train,0.7563095296412267,0.40497550756193573,0.5900231361688636
img_003538.jpg,train,0.49001119669083043,0.5633197781428834,0.6960943520949039
img_003539.jpg,train,0.7775417034445805,0.3685720145987717,1.0
img_003540.jpg,train,0.39456559502201777,0.3998545784858238,0.716660634835427
img_003541.jpg,train,0.5862503289458888,0.7361421933858884,0.7621852535188536
img_003542.jpg,train,0.5464847813018664,0.6032538945062954,0.6574837472562862
img_003543.jpg,train,0.3937040325339057,0.40775121767484235,0.7423056564287499
img_003544.jpg,train,0.4792246915226454,0.4099742357104003,0.7493780973434796
img_003545.jpg,train,0.4986463279687235,0.4576303159192843,0.7379956796763018
img_003546.jpg,train,0.48970572985633326,0.47925141580716496,1.0
img_003547.jpg,train,0.6494329045963297,0.5352873952879474,0.9055167491494099
img_003548.jpg,train,0.4515714759877511,0.3811215034377378,1.0
img_003549.jpg,train,0.661574259092986,0.5945301132151037,0.8615767311816699
img_003550.jpg,train,0.3899358956311974,0.7083087879428273,0.6840723076570525
img_003551.jpg,train,0.6113818224962121,0.5598691608433892,1.0
img_003552.jpg,train,0.6870265507951788,0.6984418132435656,0.9458135443464529
img_003553.jpg,train,0.4352319522754115,0.4953455202651463,0.837777639518083
img_003554.jpg,train,0.4195032549159838,0.39720533529549834,0.8066964268959868
img_003555.jpg,train,0.4528075446170168,0.42728115866784017,1.0
img_003556.jpg,train,0.626289398549683,0.49383676819574074,0.702847479819039
img_003557.jpg,train,0.7149980223416454,0.4036950942332653,1.0
img_003558.jpg,train,0.45223866498372106,0.49168136657551625,0.9549550341479794
img_003559.jpg,train,0.5106240224826197,0.7314028519264723,1.0
img_003560.jpg,train,0.4189262300459844,0.487557314585811,1.0
img_003561.jpg,train,0.6509174960682045,0.6352538896639145,0.6685897351946721
img_003562.jpg,train,0.6199512487020619,0.5844603544188959,0.9613506132130825
img_003563.jpg,train,0.7471785266837107,0.5020539098900842,0.7256448738665001
img_003564.jpg,train,0.43324879944346356,0.5035934696493382,0.7265155155836179
img_003565.jpg,train,0.6173200279540317,0.5311359924445122,0.6622084430980318
img_003566.jpg,train,0.49549600820642253,0.6354583495385814,0.7554089349880834
img_003567.jpg,train,0.6731707256170959,0.45945855523410356,0.7670921521727732
img_003568.jpg,train,0.5331657442289153,0.5876223663163628,1.0
img_003569.jpg,train,0.6823770919541402,0.6006371917205446,0.8068304952605276
img_003570.jpg,train,0.7727129949561394,0.7596417571074654,0.9624124190996314
img_003571.jpg,train,0.47080212022781104,0.6034461620970354,1.0
img_003572.jpg,train,0.4689173966181895,0.6016792067577473,0.7284210289947357
img_003573.jpg,train,0.39774668184223366,0.7216671799292292,0.5903885660663627
img_003574.jpg,train,0.6560317060794388,0.5712685289953493,0.7450905176401093
img_003575.jpg,train,0.48947576449029356,0.5027546280489088,0.751750044895088
img_003576.jpg,train,0.5995577204050436,0.6332891772893645,0.599515835574814
img_003577.jpg,train,0.653703043715085,0.5405753705649675,0.7335039862615587
img_003578.jpg,train,0.3700103287020767,0.6122165953723062,0.8565927522599045
img_003579.jpg,train,0.44569343670500244,0.5781808692539615,0.6061504532891318
img_003580.jpg,train,0.6692710623777685,0.6358339984814115,0.6216942047517554
img_003581.jpg,train,0.47301186719874994,0.4320126256943119,0.6342516718124406
img_003582.jpg,train,0.6651488101646755,0.4491433456518778,0.5939947516011188
img_003583.jpg,train,0.5024758902292051,0.5172306036161878,0.8055480847431306
img_003584.jpg,train,0.3871049924950176,0.5477478311393487,1.0
img_003585.jpg,train,0.712074234045477,0.5319199869143881,0.9338748847169075
img_003586.jpg,train,0.45167265248474875,0.39344012826064373,0.7023341508555581
img_003587.jpg,train,0.3878882267603146,0.7447459419546677,0.8935727036412869
img_003588.jpg,train,0.3716556407788231,0.3817119069321467,0.7541428572376306
img_003589.jpg,train,0.5267185854320394,0.4135654600166367,0.6824562957079073
img_003590.jpg,train,0.5688657572920331,0.4065502386828446,0.8368860717150907
img_003591.jpg,train,0.4832166813374063,0.6482438261200488,0.9193047107122826
img_003592.jpg,train,0.4932183210297499,0.5201693123934668,0.6006720517880376
img_003593.jpg,train,0.5572360570335019,0.7236768987377559,0.7581884143460846
img_003594.jpg,train,0.4167754993971391,0.5009339947817155,0.6813396246514857
img_003595.jpg,train,0.4575732020955046,0.6578464383608135,0.6082000465198374
img_003596.jpg,train,0.4969481545308138,0.764682726280891,0.6267360836727788
img_003597.jpg,train,0.48590791397175953,0.5066344005820941,0.6455402155798372
img_003598.jpg,train,0.6402229045311921,0.37023690198011217,0.6374480614324545
img_003599.jpg,train,0.6684431041288592,0.4301368790325699,0.7268157428064406
img_003600.jpg,train,0.6450227185162073,0.7385330435499441,0.6455876014207972
img_003601.jpg,train,0.7655151238251195,0.4062149676571103,0.8202229638537795
img_003602.jpg,train,0.3707066208868457,0.4462511291548754,0.9475998443216627
img_003603.jpg,train,0.5248270697191498,0.4136974690348378,1.0
img_003604.jpg,train,0.4417999366826357,0.5945108306252415,0.5927667085952177
img_003605.jpg,train,0.7562672260983351,0.4701651713297414,0.7992214242325084
img_003606.jpg,train,0.5286027064192823,0.7610678321000734,0.626587782588959
img_003607.jpg,train,0.42231199485989573,0.5180517139416775,0.9300307654438411
img_003608.jpg,train,0.6110795295584878,0.6002808407519531,1.0
img_003609.jpg,train,0.6217430712688833,0.42658623025222236,1.0
img_003610.jpg,train,0.7497582484128705,0.43554626723708134,1.0
img_003611.jpg,train,0.6675732403953303,0.4939280979485446,0.6154247792161051
img_003612.jpg,train,0.4554570802874623,0.4356431522109873,1.0
img_003613.jpg,train,0.6340100099537668,0.7565022094132504,1.0
img_003614.jpg,train,0.4209653578636671,0.4734255897128771,0.6904118047351153
img_003615.jpg,train,0.6574920252738634,0.5800876996925514,0.7282582696061874
img_003616.jpg,train,0.6092259578279213,0.727169321309415,1.0
img_003617.jpg,train,0.5140311636947063,0.46258307663255654,0.7061313723228493
img_003618.jpg,train,0.683027065510104,0.40667499176284094,0.7017703290228119
img_003619.jpg,train,0.5899049859443791,0.3737670348884792,0.6755965881761531
img_003620.jpg,train,0.39889549872793967,0.6938658968933115,0.9144750682769017
img_003621.jpg,train,0.49079157465417494,0.45214062263513305,0.5987888263343769
img_003622.jpg,train,0.6105458318343718,0.5622737130277778,0.6649862385975408
img_003623.jpg,train,0.4750169813186857,0.47619275697571145,0.7618500240245538
img_003624.jpg,train,0.5507862570680282,0.4058101925926166,1.0
img_003625.jpg,train,0.7623825012863051,0.7332733300626084,1.0
img_003626.jpg,train,0.6003737066138214,0.6969578967058795,0.8647261666929908
img_003627.jpg,train,0.4381696142046077,0.7502793226280858,0.9534809153046688
img_003628.jpg,train,0.5510433567879994,0.5648359652843209,1.0
img_003629.jpg,train,0.5085617724881871,0.44868731801530926,0.8791148507138307
img_003630.jpg,train,0.5854281693899429,0.6884344781936549,1.0
img_003631.jpg,train,0.6555538612635354,0.6756888718978521,1.0
img_003632.jpg,train,0.508199105539512,0.5768224699945989,0.9600035483108963
img_003633.jpg,train,0.503206806639905,0.6159382072797591,0.7538033503994627
img_003634.jpg,train,0.3684961257180075,0.571918680569626,0.6459691805701254
img_003635.jpg,train,0.4183893832935682,0.5692326950477766,0.7200736793332051
img_003636.jpg,train,0.5482394546797694,0.40438617436294183,0.6420955601111121
img_003637.jpg,train,0.4734489056613131,0.49669762730267236,0.9122455067806985
img_003638.jpg,train,0.540840055603146,0.7417744867030868,0.7814464506819296
img_003639.jpg,train,0.5174533438238003,0.49854115354629175,0.8026059752804128
img_003640.jpg,train,0.6375786268993194,0.433306074164381,1.0
img_003641.jpg,train,0.3995919706485971,0.42912940158794716,0.6002120928840624
img_003642.jpg,train,0.3757376075386942,0.4887829812044446,1.0
img_003643.jpg,train,0.64938290515876,0.488434985582548,0.7473024493916633
img_003644.jpg,train,0.3806900693051823,0.724081635400513,0.8607910098547368
img_003645.jpg,train,0.3767995476202133,0.7045610024579712,0.655022664376337
img_003646.jpg,train,0.6949514939467701,0.683811037686442,1.0
img_003647.jpg,train,0.6058502499977787,0.5237207662523429,0.6427416534181318
img_003648.jpg,train,0.5646833819250263,0.5520181646161887,0.9967271068750997
img_003649.jpg,train,0.6649528017296866,0.6104150460068146,0.8338502401726099
img_003650.jpg,train,0.6364612642578814,0.6115311072540214,0.6171923554237428
img_003651.jpg,train,0.7702417723508687,0.4440747038093907,1.0
img_003652.jpg,train,0.4106367572927703,0.6471161585299958,0.7404161986237029
img_003653.jpg,train,0.5231843684811416,0.6025280731220092,0.7803785747222812
img_003654.jpg,train,0.7292804583450866,0.6294803526532703,0.750031497232296
img_003655.jpg,train,0.5905232274289177,0.41101322670734824,0.6834926520975907
img_003656.jpg,train,0.4925571128166794,0.6608165347799004,0.7680350022891136
img_003657.jpg,train,0.4746291355592372,0.649419983506934,0.8779980933920579
img_003658.jpg,train,0.4284213609510439,0.6695935208087332,0.8871688893232018
img_003659.jpg,train,0.4601948834607173,0.4041867694775399,0.632382122843337
img_003660.jpg,train,0.7013302145033772,0.4312380781759469,1.0
img_003661.jpg,train,0.6805284275522491,0.45231994458328445,0.9361663707000776
img_003662.jpg,train,0.6065416943850593,0.5217136079731207,0.6139364652030371
img_003663.jpg,train,0.5943671364742626,0.6233860302090976,1.0
img_003664.jpg,train,0.5973391338173005,0.6259785060280367,0.6295490443150012
img_003665.jpg,train,0.660948354986913,0.6480799196818013,1.0
img_003666.jpg,train,0.5657717552061938,0.37530517262835933,0.592962788888703
img_003667.jpg,train,0.7095535248479075,0.45212605389113136,0.643829124500522
img_003668.jpg,train,0.3732226560247954,0.39120428537458896,0.7501043818004978
img_003669.jpg,train,0.6099756154778758,0.6232891125060394,0.9113491479151827
img_003670.jpg,train,0.5631161559466374,0.6017721820893008,0.6324599471911498
img_003671.jpg,test,0.5008279597463775,0.730936982802151,1.0
img_003672.jpg,test,0.40817351779113215,0.7004119553639816,0.8177414037969254
img_003673.jpg,test,0.6239651920996496,0.59059696802464,0.8059656838689131
img_003674.jpg,test,0.7616120848421245,0.45060606017861443,0.6688031198326416
img_003675.jpg,test,0.6636643324067125,0.39345083448038,0.9752430689726321
img_003676.jpg,test,0.7632454268935812,0.5847495932695131,0.7541988566368625
img_003677.jpg,test,0.38654533814220526,0.46031712670742114,1.0
img_003678.jpg,test,0.43339215322711605,0.6255344284638668,1.0
img_003679.jpg,test,0.7543236598771359,0.5767724074692043,1.0
img_003680.jpg,test,0.44443982538812704,0.5210563936233128,1.0
img_003681.jpg,test,0.7326900161578371,0.6248855699769029,1.0
img_003682.jpg,test,0.4433780063453274,0.4572226848892818,1.0
img_003683.jpg,test,0.7540150987042403,0.7175576951748281,0.6460822366352565
img_003684.jpg,test,0.7638432767809001,0.463873544665428,0.7220915071659657
img_003685.jpg,test,0.4099686573759758,0.6546723796897348,0.5922026009720799
img_003686.jpg,test,0.42225540878789564,0.428533360247984,0.7292161487239763
img_003687.jpg,test,0.4985496127863532,0.42225080804412896,0.6077616235428993
img_003688.jpg,test,0.5682014328440709,0.37640848025860585,0.7826458033248062
img_003689.jpg,test,0.4970414509449695,0.5462827530364852,1.0
img_003690.jpg,test,0.5425576213549664,0.49570169896573163,0.6382217668689476
img_003691.jpg,test,0.5525247699820058,0.44667753629419354,0.7736450934361073
img_003692.jpg,test,0.49665146110288827,0.49865162734251883,1.0
img_003693.jpg,test,0.7548105508237529,0.7219278314845708,0.6064791895373028
img_003694.jpg,test,0.38779938507566225,0.7394660187771218,1.0
img_003695.jpg,test,0.5830198806065177,0.5642206614275104,0.7090507360101873
img_003696.jpg,test,0.5996528952498612,0.6458822234023459,0.6675681940326553
img_003697.jpg,test,0.41566606163069003,0.46020810318711164,0.8514679692111837
img_003698.jpg,test,0.39207750689568943,0.7199482991551324,0.8609820753561909
img_003699.jpg,test,0.713673550302893,0.4257961380254603,0.6136114636915244
img_003700.jpg,test,0.697755881383047,0.718427099366964,0.590892331650738
img_003701.jpg,test,0.36871408447771997,0.47404536005128417,0.649058752374704
img_003702.jpg,test,0.38368124037593604,0.5565210637321371,0.9514069799248686
img_003703.jpg,test,0.47786917532778556,0.5934113935070603,0.6081336424369974
img_003704.jpg,test,0.6717755867659192,0.5076423200368575,0.7161781469769052
img_003705.jpg,test,0.39995936393372933,0.6131516211556475,0.9531454427260315
img_003706.jpg,test,0.5763248419593792,0.6152274008422797,1.0
img_003707.jpg,test,0.3833414009519604,0.37415288941347286,1.0
img_003708.jpg,test,0.6584334452405671,0.49251156539266905,0.7482110014501596
img_003709.jpg,test,0.43640154661455294,0.5290112449233937,0.7191665859088879
img_003710.jpg,test,0.4343548366719035,0.4088607648232709,0.7069764200845766
img_003711.jpg,test,0.40371260000709946,0.5864802807438091,1.0
img_003712.jpg,test,0.38492616090437703,0.580456801531743,0.896735582648689
img_003713.jpg,test,0.5403142618582475,0.6403687632130214,0.6249599161796976
img_003714.jpg,test,0.42714028686503197,0.6883042735477952,0.8009108608993488
img_003715.jpg,test,0.4537626419159942,0.6609147818458442,1.0
img_003716.jpg,test,0.42020580232745114,0.6203740244982732,0.7903583777104216
img_003717.jpg,test,0.7420472987594363,0.564574917662109,0.8674320544256924
img_003718.jpg,test,0.4364478732764095,0.4048988916435108,0.6813668314642249
img_003719.jpg,test,0.5287564763120044,0.4173228312498168,1.0
img_003720.jpg,test,0.5844461990416036,0.6243059729083428,0.6732203460675195
img_003721.jpg,test,0.5956645808504123,0.39943029585940915,1.0
img_003722.jpg,test,0.5920463213748927,0.611560465282651,0.787068782939702
img_003723.jpg,test,0.42743592742780984,0.4209732759895705,0.653995172087687
img_003724.jpg,test,0.6690873447486457,0.3730775152578761,0.6184324552378103
img_003725.jpg,test,0.5777005030931815,0.6178508214948136,0.6734731906032825
img_003726.jpg,test,0.4811981643481234,0.5461206654219773,0.7704730621776619
img_003727.jpg,test,0.48535823101506176,0.3747216165812938,0.8568975743564365
img_003728.jpg,test,0.4582864477805842,0.5652088272322806,0.7131470314094467
img_003729.jpg,test,0.7137706221796155,0.6050857413786964,1.0
img_003730.jpg,test,0.4789055839514346,0.3958915589700265,0.6046262563683279
img_003731.jpg,test,0.6252060912720959,0.5128591773030857,1.0
img_003732.jpg,test,0.5261103872437385,0.5052312814855346,0.6801713009453088
img_003733.jpg,test,0.539694635167216,0.4663203243526384,0.8227412321770444
img_003734.jpg,test,0.44086254520118545,0.40464487307149416,0.6193896435743211
img_003735.jpg,test,0.7023150307513912,0.38975156593221955,0.6407642258624625
img_003736.jpg,test,0.6675222660209879,0.3985892694627153,0.6421914915964518
img_003737.jpg,test,0.4367221651705922,0.7571262487495619,0.6082632791659055
img_003738.jpg,test,0.5231484507753233,0.6999610103769877,1.0
img_003739.jpg,test,0.48592440007807286,0.3843643040277008,0.8795320412455836
img_003740.jpg,test,0.7358031519341046,0.46665201851779514,1.0
img_003741.jpg,test,0.560852574516422,0.41506852234653985,0.9546920126365437
img_003742.jpg,test,0.40915282062815805,0.575472507198433,0.6897348396655332
img_003743.jpg,test,0.5664544672698063,0.6345595184424778,0.7621042453717999
img_003744.jpg,test,0.485863149395284,0.4526091122962132,1.0
img_003745.jpg,test,0.5935167323437622,0.6908838062039825,0.8417498923417565
img_003746.jpg,test,0.4490944843972877,0.36860541942918834,0.8971032793684498
img_003747.jpg,test,0.39433368350292025,0.3970100678087065,1.0
img_003748.jpg,test,0.6350459665234575,0.6581792614779438,0.6243688722996436
img_003749.jpg,test,0.4295753984526396,0.48622823102160667,0.7760199724504975
img_003750.jpg,test,0.5175961514131507,0.48633082200781635,0.9569530476007129
img_003751.jpg,test,0.43470493116465647,0.4096688550368546,0.6441837460530182
img_003752.jpg,test,0.46310535996740193,0.3805472194081827,1.0
img_003753.jpg,test,0.4165400069775,0.6885379305552678,0.742309113204654
img_003754.jpg,test,0.4486781749386635,0.4059710147128417,0.7814619596611149
img_003755.jpg,test,0.4694860397709828,0.5885581087724083,0.837527491205831
img_003756.jpg,test,0.5464460585535412,0.4982082385731273,0.81330244017163
img_003757.jpg,test,0.4515305458392686,0.6814308897378138,1.0
img_003758.jpg,test,0.3853181710864348,0.45639930290789543,0.6407985970444675
img_003759.jpg,test,0.4467917902702367,0.5071423999428459,0.7723265996206222
img_003760.jpg,test,0.4422874731834298,0.4047718599615376,1.0
img_003761.jpg,test,0.4577838300834099,0.7411666946254524,1.0
img_003762.jpg,test,0.7673125637559344,0.6780213844464281,0.8664964972493221
img_003763.jpg,test,0.6508010811939663,0.7651635127151518,0.7755691228842935
img_003764.jpg,test,0.7340950546334132,0.46114253879973477,1.0
img_003765.jpg,test,0.40687337372653154,0.5059285104412387,0.6506021650279583
img_003766.jpg,test,0.7475951420068618,0.48635167563377085,0.8826522163243635
img_003767.jpg,test,0.6143603971151768,0.5755477612801935,0.9862083917453525
img_003768.jpg,test,0.648060543170944,0.4131147070866037,0.9799676912325687
img_003769.jpg,test,0.5962691501132725,0.7202792118320254,0.6625765959196384
img_003770.jpg,test,0.3905522657215628,0.44771248934546043,0.871801245956239
img_003771.jpg,test,0.562805943627226,0.5899945627464392,1.0
img_003772.jpg,test,0.6527209188533544,0.5503403026939814,0.6288592707648439
img_003773.jpg,test,0.5058662644811108,0.4498759568836066,0.6907397383286313
img_003774.jpg,test,0.5566029945373954,0.4348162789146211,0.9397321031132385
img_003775.jpg,test,0.5840326336250082,0.669689912808951,0.8064968403084374
img_003776.jpg,test,0.5273580571382513,0.38582614928276254,0.7127289014407469
img_003777.jpg,test,0.4960280718912335,0.6912369806926307,0.65832593439538
img_003778.jpg,test,0.5245609743078506,0.4537640504818305,1.0
img_003779.jpg,test,0.5506385513827908,0.5781791699774402,1.0
img_003780.jpg,test,0.5658748509933001,0.5556496136294607,0.7555704195122446
img_003781.jpg,test,0.390967796299764,0.43883882683508313,0.6476150611607565
img_003782.jpg,test,0.6644899291282718,0.3706430227112179,0.8258278886426651
img_003783.jpg,test,0.4271762920418178,0.5038563991893396,0.8291452540051926
img_003784.jpg,test,0.6700345779682232,0.43044828561609877,1.0
img_003785.jpg,test,0.39766323297848905,0.6813797766166015,0.6927451479206126
img_003786.jpg,test,0.38694294842067567,0.653679756577113,1.0
img_003787.jpg,test,0.6619782838679725,0.7380275688103787,1.0
img_003788.jpg,test,0.4395235941608668,0.48088419534318955,1.0
img_003789.jpg,test,0.44230704109748986,0.5084280798447932,0.9130825513974814
img_003790.jpg,test,0.6726090569358395,0.7348968659780776,0.8686987739195842
img_003791.jpg,test,0.3896064300246276,0.5956126029262864,1.0
img_003792.jpg,test,0.45601042930780283,0.6492405439468601,1.0
img_003793.jpg,test,0.5156993136351065,0.6516860152211407,1.0
img_003794.jpg,test,0.5600127915753932,0.528261914253529,0.8068403657718052
img_003795.jpg,test,0.6606760276458163,0.451767825753842,0.8465795829515228
img_003796.jpg,test,0.4996543446399386,0.4733741003905103,0.8430272896925977
img_003797.jpg,test,0.5190009280192288,0.5926237264711641,1.0
img_003798.jpg,test,0.7269739004630513,0.43111258118501006,0.8499033277265222
img_003799.jpg,test,0.7715016206635297,0.4068811156113831,0.9926688228212341
img_003800.jpg,test,0.3685078824820372,0.40486367127107803,0.5991405396457848
img_003801.jpg,test,0.4213512318520147,0.41003199422406106,0.8220102377185478
img_003802.jpg,test,0.5977550062764334,0.6504178443885399,0.6432038523246126
img_003803.jpg,test,0.4467151103581502,0.40876643932582174,1.0
img_003804.jpg,test,0.531979571032466,0.7719703948113543,0.715764516870256
img_003805.jpg,test,0.5941229917780557,0.7279917226987139,0.6388517104360921
img_003806.jpg,test,0.510217399783723,0.4158349384826834,1.0
img_003807.jpg,test,0.5329809167127783,0.6239562666245247,0.9215060540946639
img_003808.jpg,test,0.4536876069179783,0.4463427372262328,1.0
img_003809.jpg,test,0.5340582356988026,0.4415735182233503,0.7323554424037502
img_003810.jpg,test,0.7576988281230608,0.46973945648776666,0.9705852725780019
img_003811.jpg,test,0.5119171393054632,0.4396604084855477,1.0
img_003812.jpg,test,0.6280101061538641,0.38992702330709966,0.9091156855466155
img_003813.jpg,test,0.5480239161853576,0.5122776033355163,0.6145077093919341
img_003814.jpg,test,0.6937084290992734,0.5559287026343519,0.7557931371055463
img_003815.jpg,test,0.41545652088313245,0.5053290636585542,0.7318343038655701
img_003816.jpg,test,0.41953424985253074,0.4977518007267167,0.6353961830168132
img_003817.jpg,test,0.6086763350681835,0.5459060097699622,0.8883040393794355
img_003818.jpg,test,0.5866523523882322,0.6318128349383109,1.0
img_003819.jpg,test,0.3846750096850708,0.37310750973999934,0.7797153011566432
img_003820.jpg,test,0.38023599068198727,0.5185999248357828,0.6648722437348334
img_003821.jpg,test,0.38745296726017564,0.4503872415508474,0.6542230737325275
img_003822.jpg,test,0.5463096589136675,0.4933362182425089,0.9144867689078713
img_003823.jpg,test,0.48716555328425937,0.4139901274881388,1.0
img_003824.jpg,test,0.46269649820498754,0.6105336882963832,0.686131715405609
img_003825.jpg,test,0.4220557993860772,0.4994207730528591,1.0
img_003826.jpg,test,0.4191037741608025,0.4976008202534361,0.7023468149675556
img_003827.jpg,test,0.4002084184833472,0.4478626136453288,0.8082448602223804
img_003828.jpg,test,0.7301903008545557,0.598200633839653,0.5955349525603246
img_003829.jpg,test,0.7405514821967429,0.6297878421747859,0.8241868781336503
img_003830.jpg,test,0.6368171803055355,0.37154235515826795,0.7082010453209465
img_003831.jpg,test,0.5274024133284724,0.3760204092134904,0.7579479962767172
img_003832.jpg,test,0.658454403740571,0.6748403310654844,0.7288960786488988
img_003833.jpg,test,0.645809154523889,0.4205870176980637,0.7383963287455573
img_003834.jpg,test,0.6251650456974391,0.7672102770534591,0.5938144679901396
img_003835.jpg,test,0.43592141114123173,0.3915226971792092,0.6745721574877405
img_003836.jpg,test,0.5276979563716445,0.5183379524322954,0.9594992497915621
img_003837.jpg,test,0.5372383238754807,0.45851789656801367,0.863762869466875
img_003838.jpg,test,0.392614146310536,0.7393826950802369,0.9062033649801763
img_003839.jpg,test,0.5466928850947954,0.42124057865782305,0.8785451562606902
img_003840.jpg,test,0.45186984649195533,0.7323716021793335,0.8797570935987121
img_003841.jpg,test,0.4019063596320316,0.772303221563491,1.0
img_003842.jpg,test,0.5985460299775097,0.7416703473456786,0.627898858135402
img_003843.jpg,test,0.7020059188074588,0.382731816999139,0.7182936864485482
img_003844.jpg,test,0.4000488554175319,0.3759626927160073,1.0
img_003845.jpg,test,0.7523096426481226,0.3698462445611292,0.639551186790386
img_003846.jpg,test,0.489176948969354,0.7526692116489434,0.8095930328220622
img_003847.jpg,test,0.44603246795298573,0.463548015441084,0.9792452628530229
img_003848.jpg,test,0.5544541644056826,0.6763265964292903,0.7604796756622603
img_003849.jpg,test,0.6922796836553782,0.5582775842686581,0.6894053210219545
img_003850.jpg,test,0.5300976504961308,0.43344262535493244,1.0
img_003851.jpg,test,0.6999163536581539,0.3862437840717132,0.7899067392602015
img_003852.jpg,test,0.5501543185309091,0.6916194799820322,0.743587990194614
img_003853.jpg,test,0.47552233176882464,0.3797626089324983,1.0
img_003854.jpg,test,0.38691740212924586,0.48625825031784675,1.0
img_003855.jpg,test,0.5145337454792536,0.39006559031754745,1.0
img_003856.jpg,test,0.3930212382355564,0.42933639377783966,0.5985171970385498
img_003857.jpg,test,0.724113546791429,0.6436190940345,0.8581679805528284
img_003858.jpg,test,0.5777212680655266,0.4471689483046896,0.6334312180100244
img_003859.jpg,test,0.5944090191614885,0.7049427775789917,0.7193450593269002
img_003860.jpg,test,0.7422838329843945,0.4848025840948316,0.9629918552424325
img_003861.jpg,test,0.5881051990228144,0.4540958601324501,0.6607622577365617
img_003862.jpg,test,0.7549714748982791,0.7006717897169223,0.7566317986668909
img_003863.jpg,test,0.517857707002729,0.45692540106628066,1.0
img_003864.jpg,test,0.6629087667002508,0.5275644584219442,1.0
img_003865.jpg,test,0.6400697948445543,0.45491272205635996,0.61229248540275
img_003866.jpg,test,0.5967976800830045,0.5981022011040187,0.6414185362801164
img_003867.jpg,test,0.5954630454779299,0.5079941457318858,1.0
img_003868.jpg,test,0.36903979771275974,0.5741786153066686,0.8915692356200399
img_003869.jpg,test,0.45136221311746905,0.3713483689858612,0.8440635997444493
img_003870.jpg,test,0.5399442063995689,0.5771729172017107,1.0
img_003871.jpg,test,0.5312628600338499,0.4975927183118019,0.6520983729889008
img_003872.jpg,test,0.4463390727742406,0.5031182634013076,0.7045270198082775
img_003873.jpg,test,0.7285799981241333,0.6074774529161195,0.7065421219825397
img_003874.jpg,test,0.4956504418884478,0.6959854036018168,0.8572360165933596
img_003875.jpg,test,0.5309765847570446,0.41623028707647086,0.7324505577943501
img_003876.jpg,test,0.5856439930954181,0.4002619922823345,1.0
img_003877.jpg,test,0.7446962056659016,0.5348284894024445,0.8584382734067285
img_003878.jpg,test,0.5016352783823178,0.5316544962746695,0.7753752660640836
img_003879.jpg,test,0.42316390303211593,0.411684223419694,1.0
img_003880.jpg,test,0.4163503430683441,0.4255644660270114,0.718505914336171
img_003881.jpg,test,0.42071484102331497,0.4163476206526335,0.8299330989910059
img_003882.jpg,test,0.49482611567807044,0.747636671116819,0.6004289538690266
img_003883.jpg,test,0.6180895581217132,0.5155560260494743,0.7832598154518161
img_003884.jpg,test,0.5203693684408446,0.7362892775436634,0.9349188924573567
img_003885.jpg,test,0.6449248805949273,0.6178845138855832,0.6729522626486547
img_003886.jpg,test,0.4289070380387609,0.5724596844625771,0.6024094910958779
img_003887.jpg,test,0.5793844050070249,0.5422148604628504,0.652288475044765
img_003888.jpg,test,0.3958010437595978,0.37613783538280526,0.5902917859878805
img_003889.jpg,test,0.4755935346020257,0.5786164163937716,0.6652295749181731
img_003890.jpg,test,0.398332436732259,0.42068112637324245,1.0
img_003891.jpg,test,0.47680893560024956,0.525612468771563,1.0
img_003892.jpg,test,0.5042529502287486,0.5843450307579977,0.8303820417158615
img_003893.jpg,test,0.4633518500034615,0.5026759929449546,0.7546429131314273
img_003894.jpg,test,0.6386832806421343,0.5077543845539884,0.6009309676910181
img_003895.jpg,test,0.4176026581718147,0.675713279047819,0.7984796678399805
img_003896.jpg,test,0.4448501735090045,0.38063388735233367,1.0
img_003897.jpg,test,0.4243430572099651,0.5602104941823011,0.6757236003568791
img_003898.jpg,test,0.46303846532382087,0.4986309806723986,0.8681790370367937
img_003899.jpg,test,0.6302006873977263,0.6202611980070297,0.6079828087234793
img_003900.jpg,test,0.38422392021497204,0.47005218987344605,0.6605516479085475
img_003901.jpg,test,0.6100892883494061,0.7739091158957226,0.7679650179606227
img_003902.jpg,test,0.675469671545741,0.47361498774894306,0.8567297378839817
img_003903.jpg,test,0.5554217344414262,0.5335623793844647,0.6378964073617587
img_003904.jpg,test,0.5757565556472629,0.6200236804141172,0.9184403581369358
img_003905.jpg,test,0.38272560120787613,0.6106021046068558,0.7548626076189058
img_003906.jpg,test,0.48010525088115213,0.5004292204627432,0.6239174173103444
img_003907.jpg,test,0.45608141902403326,0.4649589077256282,1.0
img_003908.jpg,test,0.6020610547360348,0.6713139801358272,0.7511023359032152
img_003909.jpg,test,0.6600643320252234,0.6381887735067813,0.6718256868130011
img_003910.jpg,test,0.4953916609305318,0.40195413810370456,1.0
img_003911.jpg,test,0.5376914065523456,0.545070290029325,0.8514250343404229
img_003912.jpg,test,0.4456695584551418,0.5087804074193502,0.7810715286357987
img_003913.jpg,test,0.49236000299173144,0.4796888336458521,1.0
img_003914.jpg,test,0.633216209047518,0.5367432264850112,0.7157158193018329
img_003915.jpg,test,0.3729843747077302,0.7610495228614841,0.8280667958396521
img_003916.jpg,test,0.6977164496682886,0.644520997703951,1.0
img_003917.jpg,test,0.6591209736759319,0.49623826431666435,0.5987221376238281
img_003918.jpg,test,0.6496529366899261,0.5825126074673846,1.0
img_003919.jpg,test,0.5919485400144798,0.43834195914129825,1.0
img_003920.jpg,test,0.5176581658745417,0.6415581514533254,0.8746179700783138
img_003921.jpg,test,0.46483924311820024,0.4569132888534925,0.6125130178285193
img_003922.jpg,test,0.37432749981696256,0.36859135658856684,0.6327871299794037
img_003923.jpg,test,0.6985739142272779,0.4435713346364453,0.6954257091040047
img_003924.jpg,test,0.6437010459309974,0.5401738504691692,0.6811496835726499
img_003925.jpg,test,0.6511339400863622,0.3789009591961395,0.6787610561857675
img_003926.jpg,test,0.6720200206761683,0.6738524925981455,0.8019890002294784
img_003927.jpg,test,0.5146878266734888,0.4392821380223209,0.5903176610287448
img_003928.jpg,test,0.4989237153901757,0.372107832948402,1.0
img_003929.jpg,test,0.43726092090651125,0.39473207718643505,0.6239263069926941
img_003930.jpg,test,0.3876160737773347,0.41622642510217506,0.7442508701851351
img_003931.jpg,test,0.43410146526994353,0.6976949712517526,0.998678995129949
img_003932.jpg,test,0.51762889690196,0.5919769335118755,0.7846052738982688
img_003933.jpg,test,0.3757655256083843,0.519700644955618,0.6066040549697472
img_003934.jpg,test,0.578822082760949,0.39538536341816233,1.0
img_003935.jpg,test,0.4640141128125033,0.4030486486861662,0.7367478689799378
img_003936.jpg,test,0.4591765695319811,0.47084456178994366,0.6583708650796408
img_003937.jpg,test,0.38642784129954927,0.4706971114235336,0.8956260808944227
img_003938.jpg,test,0.5683548872379404,0.4023696726337305,0.9853958319386048
img_003939.jpg,test,0.6658437723600766,0.6663167665629118,0.7021136872274188
img_003940.jpg,test,0.4434446225343997,0.5009685112615777,1.0
img_003941.jpg,test,0.6033333198176286,0.5630609472550225,0.8007307008238086
img_003942.jpg,test,0.4471093694427606,0.37332893971340936,0.6935971405483783
img_003943.jpg,test,0.7508275178721276,0.5329870245804704,0.7902064699964834
img_003944.jpg,test,0.6565347611399877,0.5089221174543853,0.6818531055615262
img_003945.jpg,test,0.6821537794092367,0.3988784655679911,0.6148535672497534
img_003946.jpg,test,0.46043608332689007,0.6044704381822382,0.8105387067612886
img_003947.jpg,test,0.4922584518893716,0.7365456210794871,0.8973990567693882
img_003948.jpg,test,0.41680918086676355,0.6140289854969274,0.673105206732744
img_003949.jpg,test,0.5399165325252461,0.4924924309553617,0.6323665679973396
img_003950.jpg,test,0.5811364838354871,0.5727815255118811,0.8434931277982046
img_003951.jpg,test,0.6396089919960746,0.4214065330574557,0.672196282319487
img_003952.jpg,test,0.4436557463679243,0.5507617434813313,0.8074486304415952
img_003953.jpg,test,0.4596727523346085,0.7047399502284127,1.0
img_003954.jpg,test,0.4140262090609809,0.6377217194744321,1.0
img_003955.jpg,test,0.41146031863583615,0.7392302845734592,1.0
img_003956.jpg,test,0.6014064830321728,0.6730424145526772,0.6793717367016686
img_003957.jpg,test,0.7077352343449368,0.4077873486302977,0.8671991627615278
img_003958.jpg,test,0.4718181797761214,0.6168540219983839,0.7773020569556148
img_003959.jpg,test,0.4079835332809372,0.44438719029312157,1.0
img_003960.jpg,test,0.7309296186149683,0.4999694769957152,0.9170200205448051
img_003961.jpg,test,0.6115649147987484,0.43608457873442763,0.6541518508245336
img_003962.jpg,test,0.4505447372918998,0.3872158180176786,0.9488394001062948
img_003963.jpg,test,0.5159241766874277,0.43974801917701384,0.6356892250654985
img_003964.jpg,test,0.4356376846311483,0.7422070285807436,0.7702648205310004
img_003965.jpg,test,0.5057440437164549,0.39278999095308914,1.0
img_003966.jpg,test,0.4341799924346576,0.39820446422155936,0.8235129907299932
img_003967.jpg,test,0.5681241258679467,0.7398359217400164,0.8665125744357857
img_003968.jpg,test,0.6356719132391327,0.6470788572112816,1.0
img_003969.jpg,test,0.7045365067183561,0.6898558066710402,0.8346476680470011
img_003970.jpg,test,0.5112562990204833,0.4558878008113452,1.0
img_003971.jpg,test,0.44531801464335974,0.5353966256499759,1.0
img_003972.jpg,test,0.4964553812442147,0.7130034076362753,0.5988656300826144
img_003973.jpg,test,0.705680983988159,0.7312354425514331,0.7112825378432629
img_003974.jpg,test,0.7746627238710954,0.5483658020289087,0.6712433254148493
img_003975.jpg,test,0.5206860764673569,0.3937143367311231,1.0
img_003976.jpg,test,0.7570091922812177,0.36872959057814886,0.6688748802671891
img_003977.jpg,test,0.6030750678842636,0.45184324182688496,0.6756771125870924
img_003978.jpg,test,0.4305415189836113,0.44544844736977485,0.9755879783150652
img_003979.jpg,test,0.7366753245847426,0.554797324243105,0.8288634166496774
img_003980.jpg,test,0.37551543590718844,0.5423788019612394,0.7919585651583801
img_003981.jpg,test,0.5441331572306592,0.5672863851410459,0.7375378566629159
img_003982.jpg,test,0.502090928054514,0.4044932706664122,1.0
img_003983.jpg,test,0.7213714780135381,0.40634944546155305,0.7763359241595211
img_003984.jpg,test,0.43441936866567116,0.6979909336889211,0.932079270346621
img_003985.jpg,test,0.7126355944557236,0.720735514489735,0.8288171295459061
img_003986.jpg,test,0.6903433645782241,0.7349377438357849,1.0
img_003987.jpg,test,0.46083961213719604,0.43181610152526756,0.6588331543372303
img_003988.jpg,test,0.764014715170763,0.4456557843792613,0.8015263867702076
img_003989.jpg,test,0.5523614382933135,0.5329491610129774,0.5981008146603958
img_003990.jpg,test,0.42088293900655077,0.4722122108452916,0.7806707289287499
img_003991.jpg,test,0.5095171927587181,0.7695513505308796,0.7694601895062928
img_003992.jpg,test,0.6852684033857573,0.6174724488950821,0.6022238804638668
img_003993.jpg,test,0.39590905841337315,0.5052452580092615,1.0
img_003994.jpg,test,0.7619196088069757,0.45946920559548216,1.0
img_003995.jpg,test,0.5991654263655698,0.5511852828597125,0.8554485417583148
img_003996.jpg,test,0.6206281902048719,0.5312196833633981,1.0
img_003997.jpg,test,0.4342942136999062,0.7058733335465122,0.6653414824864465
img_003998.jpg,test,0.4100710048957727,0.6741293679620227,0.7304569202669088
img_003999.jpg,test,0.5619930059743091,0.38385209239192636,0.9194152269318909
img_004000.jpg,test,0.4793424070218754,0.40301198757220585,0.7608932746978317
img_004001.jpg,test,0.49285894424342597,0.43964505081321104,0.6241884883683327
img_004002.jpg,test,0.7120695848310751,0.40161573647770704,0.6806170888202188
img_004003.jpg,test,0.40067727893443017,0.6063845306136072,0.635771432628299
img_004004.jpg,test,0.5793629837337116,0.39156594784937154,0.7882275191041519
img_004005.jpg,test,0.47888085674015546,0.4031544898187997,1.0
img_004006.jpg,test,0.558368037801895,0.3745868971619582,0.7844977685032518
img_004007.jpg,test,0.7430450672896513,0.6126183876496012,0.6627428977961343
img_004008.jpg,test,0.43322296582401654,0.45537521941584586,0.7103283487672137
img_004009.jpg,test,0.40679614338960013,0.7742878599918677,1.0
img_004010.jpg,test,0.5830424506397563,0.5089706209680377,0.6127601444623825
img_004011.jpg,test,0.7255433322497783,0.40855544478021893,0.8800997574887527
img_004012.jpg,test,0.7558747330455322,0.7332280065284489,0.7446146249205378
img_004013.jpg,test,0.5578788854413461,0.5267054300364727,0.6262339220035414
img_004014.jpg,test,0.4075430869406234,0.6704429507247474,1.0
img_004015.jpg,test,0.3731298771904177,0.7740351185095796,0.6585860074024388
img_004016.jpg,test,0.7073545117611492,0.577202359936715,1.0
img_004017.jpg,test,0.4733933885877315,0.41542429282388077,0.9244531987597763
img_004018.jpg,test,0.5887139700647998,0.5417258080916366,0.7695800035795606
img_004019.jpg,test,0.523854452823228,0.6201426770489485,1.0
img_004020.jpg,test,0.7186412944912571,0.4283221502310555,0.9913258215643403
img_004021.jpg,test,0.49195443110036124,0.5205100323917474,0.9767305674006352
img_004022.jpg,test,0.4051376430379688,0.474045824529479,1.0
img_004023.jpg,test,0.3904280019491921,0.45940116748189413,0.6075097320621009
img_004024.jpg,test,0.3856522937530548,0.6246359980839368,1.0
img_004025.jpg,test,0.47972329237385763,0.4525658601456968,0.7811087247446744
img_004026.jpg,test,0.6557861151734885,0.7192832083568163,0.5943791228817252
img_004027.jpg,test,0.6917656444698789,0.45290253143631337,0.8115980966949133
img_004028.jpg,test,0.5117221077068499,0.5311315149293638,1.0
img_004029.jpg,test,0.5230194476752419,0.3739921418491579,0.7115120228151214
img_004030.jpg,test,0.7198440712189336,0.49621539708183154,1.0
img_004031.jpg,test,0.48877549367451395,0.38799235949125405,0.9543344690890039
img_004032.jpg,test,0.4445001414639876,0.45757431609375265,0.9678292880380119
img_004033.jpg,test,0.7614678047334006,0.39709337369835723,1.0
img_004034.jpg,test,0.738812659002568,0.3708424415815517,0.8009525914697341
img_004035.jpg,test,0.40948197410021264,0.7100206760864668,1.0
img_004036.jpg,test,0.4642687708472388,0.720544244139245,0.7438240166955197
img_004037.jpg,test,0.5497840919316078,0.6473873238309866,0.6818637383552693
img_004038.jpg,test,0.47583153143856655,0.5346531517663337,0.7866686083918487
img_004039.jpg,test,0.6875349708639495,0.7194983293195628,1.0
img_004040.jpg,test,0.5140432785356953,0.3821073678484332,0.6959158690582988
img_004041.jpg,test,0.6998209698606459,0.4651643076473304,0.9724478292883484
img_004042.jpg,test,0.547766914543783,0.43530190657853884,1.0
img_004043.jpg,test,0.7565100783229552,0.6159978546830956,1.0
img_004044.jpg,test,0.7574356577347099,0.6541259958324374,0.6081137582265035
img_004045.jpg,test,0.42096952392679327,0.6056782446040961,0.7171851817184615
img_004046.jpg,test,0.3901159913398195,0.37639144968818233,1.0
img_004047.jpg,test,0.4080480692697446,0.4303263461518296,0.9296772857290623
img_004048.jpg,test,0.6482118225162149,0.4111528018012356,0.6864978588499464
img_004049.jpg,test,0.3745428192837637,0.3726456354249472,0.6866967528962417
img_004050.jpg,test,0.5975162707639262,0.44043802838171847,0.7490136175439024
img_004051.jpg,test,0.3795412681679271,0.4304040859434372,0.908277374068663
img_004052.jpg,test,0.3706784132412704,0.43847636265337614,0.8815692161348863
img_004053.jpg,test,0.48581799887981053,0.5311366216368123,0.6221895138016907
img_004054.jpg,test,0.4701502745660397,0.51463631766679,0.6722621942475164
img_004055.jpg,test,0.4073863864243516,0.4785073575895418,0.6800181181839586
img_004056.jpg,test,0.5399672779252481,0.5018477970986123,0.7079680297092747
img_004057.jpg,test,0.6459605638949052,0.48771973261354135,0.6411098117442117
img_004058.jpg,test,0.6969105665762667,0.4008081398238679,0.6853403609117122
img_004059.jpg,test,0.3916080421001453,0.5610257397656772,0.7257913876641146
img_004060.jpg,test,0.48349097184715345,0.4275838843305966,1.0
img_004061.jpg,test,0.4489279685725238,0.576652211426556,0.6439914163181434
img_004062.jpg,test,0.4623071040386744,0.6626327469960756,1.0
img_004063.jpg,test,0.6586640527481453,0.38945950050460576,0.6361750215157443
img_004064.jpg,test,0.600342826250602,0.49746740193899575,0.8636964684163917
img_004065.jpg,test,0.5744327597483213,0.4231827751609005,0.6507685687249734
img_004066.jpg,test,0.4258016980529362,0.6762033459064579,0.7121002129786953
img_004067.jpg,test,0.533396362915263,0.4081143467328892,1.0
img_004068.jpg,test,0.6230371750244167,0.49124430247309653,0.6214227553938697
img_004069.jpg,test,0.6475839666212284,0.5370298671764867,0.6505232843821777
img_004070.jpg,test,0.4092249261303366,0.5673032605473937,0.765499398013326
img_004071.jpg,test,0.5250815204992737,0.506191577814914,0.7272623411761309
img_004072.jpg,test,0.4754421770482735,0.5358239699218877,1.0
img_004073.jpg,test,0.687484270198207,0.48766094253995673,0.6195778798577432
img_004074.jpg,test,0.3910795122878114,0.39530860070065854,0.877554733849595
img_004075.jpg,test,0.3903288845184603,0.4355095262761039,0.616885573642548
img_004076.jpg,test,0.5038968023119778,0.6395767846323253,0.8135210071723509
img_004077.jpg,test,0.613250172738101,0.40531561775384733,0.6774348421461611
img_004078.jpg,test,0.6953359772810342,0.6311031336108517,0.6450512296236631
img_004079.jpg,test,0.5511766799799132,0.5271366502038322,1.0
img_004080.jpg,test,0.5120467318210494,0.39284327657404994,0.9206320761447621
img_004081.jpg,test,0.5242333549570711,0.4858087281285382,0.6205760259110282
img_004082.jpg,test,0.7622788225309384,0.5621308071962083,0.6424717506204606
img_004083.jpg,test,0.42800322546033875,0.4728154260430378,0.604465240426561
img_004084.jpg,test,0.4995335383083785,0.6493618817982646,1.0
img_004085.jpg,test,0.4573242879586217,0.37271000197297743,0.8751636377791225
img_004086.jpg,test,0.5033027619420016,0.5272412180545468,0.6640107331115275
img_004087.jpg,test,0.3822473554984788,0.6682032084690684,0.7781876106531788
img_004088.jpg,test,0.512134521761173,0.4894562201052195,0.7823285032208551
img_004089.jpg,test,0.5522215946718304,0.47980149615221546,0.6010491748166438
img_004090.jpg,test,0.4364818733133329,0.6859661234434853,0.6769422455314947
img_004091.jpg,test,0.4867123910001851,0.5373427016676077,0.6578185750658272
img_004092.jpg,test,0.43563344659409314,0.5958736850169609,0.6426715131340143
img_004093.jpg,test,0.7736439146858148,0.4704618725619974,0.9729918286989433
img_004094.jpg,test,0.41996868736516707,0.7209976961456129,0.6022106826352823
img_004095.jpg,test,0.44074822391782,0.5030574308056032,0.6050696963853209
img_004096.jpg,test,0.4299407439416232,0.7777003289382556,1.0
img_004097.jpg,test,0.6835748896242929,0.38628400304933325,0.8177710316470856
img_004098.jpg,test,0.7610165352420236,0.49944066224297295,0.7198744247489741
img_004099.jpg,test,0.5876623853344166,0.3960671889564882,1.0
img_004100.jpg,test,0.6703360363619227,0.531640076603766,0.7288368368533567
img_004101.jpg,test,0.3885115186417834,0.5858669643621286,1.0
img_004102.jpg,test,0.40760372622806323,0.5494437650801016,0.8762381195390717
img_004103.jpg,test,0.5388721837971656,0.48717672720256705,0.8528607409592586
img_004104.jpg,test,0.5869182074387979,0.3842577594544303,0.672546509224861
img_004105.jpg,test,0.7137831434033496,0.4667929566981203,1.0
img_004106.jpg,test,0.4875236537844832,0.7692014807691129,0.8036514865400257
img_004107.jpg,test,0.522209695752878,0.5839297028375335,0.7329255101502647
img_004108.jpg,test,0.6430661457521222,0.5339024881672344,0.744333479303752
img_004109.jpg,test,0.37168616428372986,0.7075500988887099,0.8711835407792653
img_004110.jpg,test,0.3707896421405139,0.7271296973311326,0.8869792241136383
img_004111.jpg,test,0.38940504099375195,0.3980328630055398,0.7281596812134413
img_004112.jpg,test,0.6339943822793446,0.6673838787958154,0.7936996238463911
img_004113.jpg,test,0.39088391592702915,0.4572391072029289,0.6575864897593062
img_004114.jpg,test,0.3897147417627722,0.3867605792541238,0.8102266072174672
img_004115.jpg,test,0.55255579553233,0.7544966674581458,1.0
img_004116.jpg,test,0.49242701067064365,0.7758166012527483,0.7999280632408872
img_004117.jpg,test,0.4625744039937237,0.42793524834097285,0.5996176219017906
img_004118.jpg,test,0.37271545261890476,0.3740905018702885,0.6321682797172871
img_004119.jpg,test,0.5735926165250088,0.7731223199259584,1.0
img_004120.jpg,test,0.7265452109718042,0.4896158165460906,0.7050962199674953
img_004121.jpg,test,0.5888698170759438,0.6109658204935191,0.7604667799624651
img_004122.jpg,test,0.71608703494559,0.5053703840212171,0.9695332715053518
img_004123.jpg,test,0.6229426566329801,0.6091958820337599,0.7521271317674217
img_004124.jpg,test,0.5801834514628386,0.6278183714568918,1.0
img_004125.jpg,test,0.70055245714002,0.5926065451890721,1.0
img_004126.jpg,test,0.6495705643959582,0.5890631237764045,1.0
img_004127.jpg,test,0.5580681480154706,0.5136788194397179,0.8813770420765263
img_004128.jpg,test,0.7175783495218981,0.5566720813070738,0.8017144028619522
img_004129.jpg,test,0.4304065793418486,0.5204215760866971,1.0
img_004130.jpg,test,0.5604498275528007,0.3936445598904316,0.6129345076248508
img_004131.jpg,test,0.42634728107562775,0.676674744846339,0.9388993400913486
img_004132.jpg,test,0.5911408911598174,0.5821078382481342,0.6316111698510458
img_004133.jpg,test,0.5217263227835333,0.5493012020007576,1.0
img_004134.jpg,test,0.5111371501043044,0.48566598038330727,0.8903495550744512
img_004135.jpg,test,0.4758304961902294,0.586401874156297,0.9387015632044946
img_004136.jpg,test,0.7334956281791688,0.47505685515331547,1.0
img_004137.jpg,test,0.7408021595501819,0.7200749567997375,0.7011398996826275
img_004138.jpg,test,0.4589993372012849,0.5455280597343114,0.6521526215621418
img_004139.jpg,test,0.6048565270731534,0.6136374479762394,0.9335900652063462
img_004140.jpg,test,0.48925248274955857,0.7476892873508091,1.0
img_004141.jpg,test,0.6253193976429002,0.6709693382862145,0.7904717774739616
img_004142.jpg,test,0.4110209926253721,0.5372647460811492,0.8530228414308755
img_004143.jpg,test,0.4061839080038096,0.77338627279045,0.7402855603897524
img_004144.jpg,test,0.39010072322893735,0.42626627844641635,0.9061323882184933
img_004145.jpg,test,0.6131873750723909,0.7129916257665339,0.8410950022036039
img_004146.jpg,test,0.5863153217569437,0.4488707000839436,0.7776155116945801
img_004147.jpg,test,0.49693549427153866,0.7366823992504231,1.0
img_004148.jpg,test,0.4622769207604587,0.4047102411862162,0.7422737050781995
img_004149.jpg,test,0.7484377088556001,0.5762677734399757,0.9883682602699065
img_004150.jpg,test,0.6288916400668464,0.599023661687797,0.9602853971860841
img_004151.jpg,test,0.4559936075305613,0.584300643659481,0.7266024840600827
img_004152.jpg,test,0.5021124300882495,0.594900001815743,0.9591560033858759
img_004153.jpg,test,0.5872597306693151,0.4845769356775085,0.8232959138573018
img_004154.jpg,test,0.5413964991607889,0.45451068947468753,0.719671427515531
img_004155.jpg,test,0.675492771017049,0.7567828733721802,0.9991760717743552
img_004156.jpg,test,0.4725322165295269,0.3895247934147396,0.7086956579622186
img_004157.jpg,test,0.6047370656609795,0.7240435143420916,0.7617930114304912
img_004158.jpg,test,0.6412779431230237,0.4915059402762907,1.0
img_004159.jpg,test,0.5663023420286039,0.5347315585380291,0.7641874343823241
img_004160.jpg,test,0.5808726106841653,0.7734096445567591,0.9187962950962486
img_004161.jpg,test,0.5033657803967614,0.3894955384663077,0.8640273682073135
img_004162.jpg,test,0.4636875152321238,0.7697415295811498,0.8486012571766027
img_004163.jpg,test,0.5363433095898335,0.6224207404077746,0.9222866649963989
img_004164.jpg,test,0.45327466268892075,0.46151635189421913,1.0
img_004165.jpg,test,0.5313785632356458,0.7393966724301736,0.9417309371686511
img_004166.jpg,test,0.4541210466553234,0.4413589983913802,0.8828716560912939
img_004167.jpg,test,0.4787191599937837,0.7297968920890326,0.7948587748685222
img_004168.jpg,test,0.5522985118125107,0.46109422146734075,0.7737082733802567
img_004169.jpg,test,0.38790811658741403,0.45699218919122614,0.711068928493652
img_004170.jpg,test,0.42175012688907226,0.5567575393826507,0.822522219848606
img_004171.jpg,test,0.3742445290195458,0.3945872078230835,0.927068212062346
img_004172.jpg,test,0.3824275700745307,0.5177938516200381,0.6712296522842195
img_004173.jpg,test,0.3975772053360875,0.7632396559827629,0.6501280677359278
img_004174.jpg,test,0.39095727979866757,0.5728295897505328,0.6918610332119544
img_004175.jpg,test,0.7441625855391941,0.62643560307742,0.6450907519389621
img_004176.jpg,test,0.504905071967939,0.5806368110156023,1.0
img_004177.jpg,test,0.4236905556935741,0.40598764970980605,0.9616145465645293
img_004178.jpg,test,0.6301862701859798,0.38545276216878016,0.9657726401662371
img_004179.jpg,test,0.6251087686792034,0.4415102519486118,0.8403516422147447
img_004180.jpg,test,0.4717934911343236,0.4043257417012988,1.0
img_004181.jpg,test,0.3845150746808355,0.47187004694001855,1.0
img_004182.jpg,test,0.7697075262973513,0.727672350969697,0.6778586690168353
img_004183.jpg,test,0.6573399820916173,0.5462625009751809,0.5976116031841335
img_004184.jpg,test,0.42686552054773425,0.5915936019461991,0.721466679704695
img_004185.jpg,test,0.4105341824326712,0.6057927034755379,0.797539141696332
img_004186.jpg,test,0.40498308579511627,0.45430603297553995,0.6819103902345954
img_004187.jpg,test,0.5488466212468541,0.44229179046247075,1.0
img_004188.jpg,test,0.43039766785013933,0.515736444213366,1.0
img_004189.jpg,test,0.5680537284082626,0.6866826782116444,0.7553968128218529
img_004190.jpg,test,0.4135955095557821,0.5836205379587444,0.7375928676483521
img_004191.jpg,test,0.381981906612985,0.7226734700694105,0.8284881535791112
img_004192.jpg,test,0.41443257076379486,0.40626470826340705,0.6086712019838445
img_004193.jpg,test,0.4745430598074642,0.3899342248959434,0.699811172044096
img_004194.jpg,test,0.37068493351539944,0.6930870981899423,0.9219278134301947
img_004195.jpg,test,0.6125615333442452,0.6167652685726172,0.8628018313318577
img_004196.jpg,test,0.6642995209113266,0.4299676054855824,0.6141825702160122
img_004197.jpg,test,0.5292076485973386,0.5683908736191091,0.6652382393655564
img_004198.jpg,test,0.7231691043061609,0.3881176657890757,0.6116924795739369
img_004199.jpg,test,0.3835881404901631,0.7040223939727152,1.0
img_004200.jpg,test,0.4273524394996738,0.6412887124351309,0.7239473335452449
img_004201.jpg,test,0.3839006398739036,0.6929183737658562,0.7855415185390802
img_004202.jpg,test,0.38791886809197323,0.3756822095890606,1.0
img_004203.jpg,test,0.7672704082558525,0.7383944787941541,1.0
img_004204.jpg,test,0.5719293184481772,0.4531905722551694,0.6119264148564393
img_004205.jpg,test,0.49142572130451684,0.7145886860362968,0.6075502146218906
img_004206.jpg,test,0.7097208116097464,0.4397816897282416,1.0
img_004207.jpg,test,0.4438165616511676,0.7677884571841759,0.6978147592039083
img_004208.jpg,test,0.4992403370507108,0.4583561125554792,0.6761117769326433
img_004209.jpg,test,0.5239953647899794,0.4648525186177115,0.6724691062237487
img_004210.jpg,test,0.44999469777424217,0.3911399927288544,0.8973643114423355
img_004211.jpg,test,0.48268607268682456,0.43880529071114854,0.9269896561844132
img_004212.jpg,test,0.44071259062284146,0.37704996608621943,0.977939440751586
img_004213.jpg,test,0.6740622105484669,0.695380667355913,0.8138438123544616
img_004214.jpg,test,0.6267221412027673,0.4470198184691898,0.931031847726933
img_004215.jpg,test,0.6760429243010625,0.3745576550400451,0.8199972342528804
img_004216.jpg,test,0.4794380802463052,0.547004817213951,1.0
img_004217.jpg,test,0.48289832805735305,0.7494701058442375,1.0
img_004218.jpg,test,0.5513958290690436,0.4838501853558779,0.9277342465691518
img_004219.jpg,test,0.4387660349940979,0.4607880055421399,1.0
img_004220.jpg,test,0.5088905894470298,0.4350690550685363,0.9395575206260602
img_004221.jpg,test,0.5341243336732924,0.4054012389640664,0.6328035998389144
img_004222.jpg,test,0.6473560800545495,0.6492463016337614,0.6649281686384428
img_004223.jpg,test,0.6546084394241181,0.606119397835391,0.664455340251412
img_004224.jpg,test,0.3955951190459433,0.4042133485061597,0.809750445602864
img_004225.jpg,test,0.39427103045692746,0.477449956616959,0.7591282703957558
img_004226.jpg,test,0.4972801211140778,0.6051032981351628,0.6755346092741981
img_004227.jpg,test,0.4189476684102644,0.7288332839768533,1.0
img_004228.jpg,test,0.51487180210811,0.4095436633259011,0.9206619495104397
img_004229.jpg,test,0.6781710213581781,0.4546917541034623,0.7759363556527827
img_004230.jpg,test,0.6740174330877263,0.38206557849081024,0.6318411254897911
img_004231.jpg,test,0.7033181933173038,0.6056661086043172,0.6181893189924055
img_004232.jpg,test,0.46938594919994925,0.7698745926274274,0.652452166921504
img_004233.jpg,test,0.7637833495886093,0.6330634014905842,0.8226586740663764
img_004234.jpg,test,0.4148988437668096,0.45825903812280905,0.688156425250015
img_004235.jpg,test,0.7499438501170766,0.5082681962691035,1.0
img_004236.jpg,test,0.4245180063976002,0.37159308795746765,0.9098257997086879
img_004237.jpg,test,0.6080263858870674,0.41110450624606915,0.7627159145294813
img_004238.jpg,test,0.7565773039713775,0.4046583074004199,0.8309081596205263
img_004239.jpg,test,0.4028557904940347,0.5068021768894063,0.7823716635259796
img_004240.jpg,test,0.7030047136737351,0.566222047928845,0.61245017531043
img_004241.jpg,test,0.681431799003565,0.7158902940125201,0.7639645574774134
img_004242.jpg,test,0.43859744420909763,0.46267435920881006,0.9511503576738604
img_004243.jpg,test,0.5514439148304672,0.37192689416310837,1.0
img_004244.jpg,test,0.6286201060089792,0.5970200834010263,0.9479685894959123
img_004245.jpg,test,0.487208024140027,0.5475682900805832,0.711685366579778
img_004246.jpg,test,0.5658156640351084,0.4195662402695824,1.0
img_004247.jpg,test,0.5118763759218506,0.6835601197877085,0.9217732546005821
img_004248.jpg,test,0.3837755407265779,0.7090135429824603,0.7897642554008997
img_004249.jpg,test,0.48731118272102486,0.6180785639325826,0.9045369653434344
img_004250.jpg,test,0.7661498868822615,0.41139804010770636,0.7850375181312311
img_004251.jpg,test,0.40631392376086933,0.42700963054360663,0.6855724179139265
img_004252.jpg,test,0.4335003741005112,0.6371606324755933,1.0
img_004253.jpg,test,0.5679945014176627,0.7207237883438307,0.7609372982911038
img_004254.jpg,test,0.6726509852357464,0.3767696809217549,1.0
img_004255.jpg,test,0.6339006478550654,0.41881371248772564,0.8872599516132851
img_004256.jpg,test,0.45739219195809183,0.5036180095736674,0.6053518573762626
img_004257.jpg,test,0.6165940270564713,0.380610813697604,0.8529506774871636
img_004258.jpg,test,0.6353239510850188,0.43524589024995847,0.7031025856045349
img_004259.jpg,test,0.4571061499348281,0.7574454523354631,0.8618309819471406
img_004260.jpg,test,0.7551928893964223,0.6318203904822481,0.7539932980021197
img_004261.jpg,test,0.5240322278221639,0.6595637299442524,1.0
img_004262.jpg,test,0.42899708085268795,0.3773453441397998,0.8502481265501258
img_004263.jpg,test,0.6861422142215973,0.3762722004596175,1.0
img_004264.jpg,test,0.6172187180098391,0.6595030327341651,0.6808120948379315
img_004265.jpg,test,0.6235781655660936,0.6423168503245744,0.6105342491308771
img_004266.jpg,test,0.38964667544051723,0.47656551195710567,0.9382585352457089
img_004267.jpg,test,0.7306516500789669,0.48722798844815146,0.8561593340276789
img_004268.jpg,test,0.40372528558364723,0.6811894416976808,0.7276085518940297
img_004269.jpg,test,0.47021210920318773,0.43896706159602034,1.0
img_004270.jpg,test,0.4591805059266969,0.5480830727119103,1.0
img_004271.jpg,test,0.37999002790685504,0.3688793091226361,0.618362446624645
img_004272.jpg,test,0.7601417336675841,0.42749323501266173,1.0
img_004273.jpg,test,0.3993950529704466,0.5743294444458873,0.6022384351111061
img_004274.jpg,test,0.4679103085016327,0.3733329504653417,0.5946790976947427
img_004275.jpg,test,0.7530493428708708,0.5253376847714663,0.8478563692731501
img_004276.jpg,test,0.4821108038344466,0.551374859815057,0.6587190119092184
img_004277.jpg,test,0.4463787497212854,0.5047406309495123,1.0
img_004278.jpg,test,0.7339234942148586,0.47653325884212006,0.6175754878549775
img_004279.jpg,test,0.726686862973692,0.4249051751594779,0.8981074195599205
img_004280.jpg,test,0.38160739228361945,0.7709002012839997,1.0
img_004281.jpg,test,0.430814592297982,0.693643155017937,0.9846678360417757
img_004282.jpg,test,0.6022138949123805,0.3754290860003035,1.0
img_004283.jpg,test,0.4460548751590336,0.5614659736589007,1.0
img_004284.jpg,test,0.41757731981531343,0.4131800142803231,0.6934530027943773
img_004285.jpg,test,0.6068709644434823,0.418986843883663,0.7914051666920056
img_004286.jpg,test,0.6317398503901037,0.4663251535222221,1.0
img_004287.jpg,test,0.4420652551129674,0.7621705131720845,0.704313709005167
img_004288.jpg,test,0.7087815891271131,0.37003897688385495,0.6089868722329265
img_004289.jpg,test,0.38256083897981713,0.6596746277870089,0.7039706619367067
img_004290.jpg,test,0.4309621753024251,0.531298223976035,0.8428125087285415
img_004291.jpg,test,0.7308415113645305,0.5492030588196463,1.0
img_004292.jpg,test,0.49390769524454764,0.6303566787253924,0.6117079176307436
img_004293.jpg,test,0.4236400883961176,0.4784372317553358,1.0
img_004294.jpg,test,0.4231175336120157,0.4999005545821902,0.620948552407285
img_004295.jpg,test,0.40733851141985555,0.41228686657701274,0.7256553312563898
img_004296.jpg,test,0.43892242218055344,0.7202361827604101,0.6855415486152104
img_004297.jpg,test,0.6040446603000559,0.4738526324783929,1.0
img_004298.jpg,test,0.5295601717700656,0.5755503666008597,1.0
img_004299.jpg,test,0.6638622824457999,0.6037985799863667,0.6606362258162777
img_004300.jpg,test,0.6426665519095027,0.6518021626717797,0.8977505161983077
img_004301.jpg,test,0.586022425539619,0.4221105013519453,0.639983185312182
img_004302.jpg,test,0.4346712898841483,0.7144394270789453,0.7465697247286324
img_004303.jpg,test,0.7681929037921655,0.5224209982553046,0.6153913646329314
img_004304.jpg,test,0.690138147170854,0.4880078639863042,0.8160288583429027
img_004305.jpg,test,0.5209476791838777,0.6574283456211285,0.738961710317565
img_004306.jpg,test,0.5958191572211518,0.4580437382200868,0.8485437289880263
img_004307.jpg,test,0.40846481889973907,0.45007913191169574,0.713888029073113
img_004308.jpg,test,0.5201940945027252,0.3953588594720969,0.8577117460171007
img_004309.jpg,test,0.5961714528500238,0.43681597363676783,0.6355014564952612
img_004310.jpg,test,0.6061053229349408,0.6414538208595632,0.6912708270050433
img_004311.jpg,test,0.7544099095389646,0.47531741821604906,0.7045677775353643
img_004312.jpg,test,0.39090183743860907,0.6365286391127739,0.9980828721190045
img_004313.jpg,test,0.4184501794798301,0.3790569334801595,0.986034457514361
img_004314.jpg,test,0.6369970390355096,0.5188596795540038,1.0
img_004315.jpg,test,0.46295275606117975,0.3718557753529271,0.9287145647695617
img_004316.jpg,test,0.41325823344473384,0.5784913861467055,0.7372922205577208
img_004317.jpg,test,0.657617410867748,0.38946910650770733,0.8994038541524653
img_004318.jpg,test,0.5870145255179883,0.7216508000883816,0.9084238211295116
